censusID,mHI,mHI_MOE,NoComp_Cnt,NoComp_Pct,YesComp_Cnt,YesCom_Pct,NoInternet_Cnt,NoInternet_Pct,YesInternet_Cnt,YesInternet_Pct
2723370,56379,4301,114,9.238249595,1120,90.76175041,166,12.90824261,1120,87.09175739
2723400,69094,4625,358,8.605769231,3802,91.39423077,531,12.25478883,3802,87.74521117
2723430,99034,5400,643,8.547122159,6880,91.45287784,740,9.711286089,6880,90.28871391
2723490,62315,3453,925,10.27891988,8074,89.72108012,1332,14.16117372,8074,85.83882628
2723520,56435,4898,213,13.2133995,1399,86.7866005,328,18.9924725,1399,81.0075275
2723550,61563,6286,111,11.89710611,822,88.10289389,176,17.63527054,822,82.36472946
2723580,74659,8029,98,9.099350046,979,90.90064995,153,13.51590106,979,86.48409894
2723820,79170,4080,709,8.606457878,7529,91.39354212,841,10.04778973,7529,89.95221027
2723880,73918,3469,687,6.85013461,9342,93.14986539,934,9.089139743,9342,90.91086026
2723970,59297,3192,220,13.56350185,1402,86.43649815,304,17.81946073,1402,82.18053927
2725050,44358,3966,445,16.72932331,2215,83.27067669,525,19.16058394,2215,80.83941606
2725080,113341,14410,235,4.644268775,4825,95.35573123,325,6.310679612,4825,93.68932039
2725140,54559,2314,208,11.36612022,1622,88.63387978,350,17.7484787,1622,82.2515213
2725200,83984,1586,3194,5.556232061,54291,94.44376794,5053,8.514761391,54291,91.48523861
2728050,62342,2526,1346,10.20702207,11841,89.79297793,1722,12.69630613,11841,87.30369387
2728080,53944,2749,709,11.96220685,5218,88.03779315,959,15.52533592,5218,84.47466408
2728110,59044,3102,173,13.3384734,1124,86.6615266,232,17.10914454,1124,82.89085546
2728140,60821,3050,397,13.50799592,2542,86.49200408,521,17.00946784,2542,82.99053216
2728170,63799,2885,408,12.45041196,2869,87.54958804,603,17.36751152,2869,82.63248848
2728290,58448,3782,228,12.40478781,1610,87.59521219,266,14.17910448,1610,85.82089552
2728320,58750,3016,390,16.05599012,2039,83.94400988,483,19.15146709,2039,80.84853291
2728350,65490,4279,252,10.16949153,2226,89.83050847,343,13.35149864,2226,86.64850136
2728380,52857,3561,673,14.20130829,4066,85.79869171,951,18.95555113,4066,81.04444887
2728950,75500,7720,167,6.294760648,2486,93.70523935,290,10.44668588,2486,89.55331412
2728970,47398,1667,487,12.81916294,3312,87.18083706,593,15.18565941,3312,84.81434059
2730030,70664,4206,746,9.136558481,7419,90.86344152,1089,12.79971791,7419,87.20028209
2730060,108621,4248,591,3.588124583,15880,96.41187542,1098,6.467192838,15880,93.53280716
2730090,66959,5286,662,11.13915531,5281,88.86084469,874,14.19983753,5281,85.80016247
2730150,89554,5723,60,6.389776358,879,93.61022364,115,11.5694165,879,88.4305835
2730870,44496,3514,363,13.84439359,2259,86.15560641,527,18.91600861,2259,81.08399139
2730450,57708,7969,144,13.15068493,951,86.84931507,200,17.37619461,951,82.62380539
2730480,58343,5032,955,10.36128892,8262,89.63871108,1194,12.62690355,8262,87.37309645
2730510,35919,3062,443,23.31578947,1457,76.68421053,582,28.54340363,1457,71.45659637
2731750,61358,2876,2007,9.878426933,18310,90.12157307,2677,12.75551532,18310,87.24448468
2731780,66557,1958,4093,8.809349576,42369,91.19065042,5664,11.79189307,42369,88.20810693
2731800,73618,2178,3899,7.111329977,50929,92.88867002,4998,8.936649561,50929,91.06335044
2732070,86518,6575,159,4.349015317,3497,95.65098468,331,8.646812957,3497,91.35318704
2732250,62308,3017,366,12.18375499,2638,87.81624501,450,14.57253886,2638,85.42746114
2732430,64846,2386,2286,8.565647482,24402,91.43435252,2960,10.81792267,24402,89.18207733
2732460,60000,8587,77,14.23290203,464,85.76709797,96,17.14285714,464,82.85714286
2732520,63724,3107,225,13.26650943,1471,86.73349057,329,18.27777778,1471,81.72222222
2732550,65905,6599,253,10.42009885,2175,89.57990115,384,15.00586166,2175,84.99413834
2732700,46750,7550,103,15.44227886,564,84.55772114,145,20.45133992,564,79.54866008
2732820,82194,4991,388,5.307797538,6922,94.69220246,472,6.383554233,6922,93.61644577
2732850,60048,3231,414,12.02789076,3028,87.97210924,621,17.01836119,3028,82.98163881
2732970,51583,4554,210,15.26162791,1166,84.73837209,279,19.30795848,1166,80.69204152
2733000,84905,4234,811,5.12836727,15003,94.87163273,1114,6.911956319,15003,93.08804368
2733210,58524,5613,382,14.50816559,2251,85.49183441,443,16.44394952,2251,83.55605048
2733270,61228,3021,898,10.13887321,7959,89.86112679,1097,12.1135159,7959,87.8864841
2733300,51125,4769,193,16.88538933,950,83.11461067,200,17.39130435,950,82.60869565
2733330,70404,3859,1221,8.969367516,12392,91.03063248,1402,10.16383935,12392,89.83616065
2733390,54421,1896,228,14.63414634,1330,85.36585366,309,18.85295912,1330,81.14704088
2733420,70143,5393,552,10.25641026,4830,89.74358974,699,12.64243082,4830,87.35756918
2733450,72120,5382,234,10.01712329,2102,89.98287671,390,15.65008026,2102,84.34991974
2733480,76795,5153,82,7.635009311,992,92.36499069,100,9.157509158,992,90.84249084
2733510,50814,1828,3040,7.407587904,37999,92.5924121,4531,10.65365624,37999,89.34634376
2733540,87975,3059,553,4.638872578,11368,95.36112742,907,7.389002037,11368,92.61099796
2733600,52333,4128,515,16.93521868,2526,83.06478132,776,23.50090854,2526,76.49909146
2733780,76888,3013,1486,6.304357049,22085,93.69564295,2057,8.520420843,22085,91.47957916
2733790,101386,9970,443,5.325159274,7876,94.67484073,695,8.10873877,7876,91.89126123
2733810,97320,2392,1528,4.205658923,34804,95.79434108,2015,5.47271789,34804,94.52728211
2733840,55085,938,10588,8.567244128,112999,91.43275587,14650,11.47678399,112999,88.52321601
2733870,61064,3322,557,9.746281715,5158,90.25371829,600,10.42028482,5158,89.57971518
2733900,44948,2880,783,15.65060963,4220,84.34939037,950,18.37524178,4220,81.62475822
2738160,71189,6588,327,8.56918239,3489,91.43081761,440,11.19877832,3489,88.80122168
2738190,96699,3072,1340,5.365150545,23636,94.63484946,1716,6.76869675,23636,93.23130325
2738280,66000,7271,111,13.52009744,710,86.47990256,147,17.15285881,710,82.84714119
2738850,60163,5891,814,12.28308435,5813,87.71691565,992,14.57751653,5813,85.42248347
2738880,82723,11365,140,7.024586051,1853,92.97541395,211,10.22286822,1853,89.77713178
2740665,63616,2849,333,11.15204287,2653,88.84795713,406,13.27231121,2653,86.72768879
2740680,52689,3869,164,14.44933921,971,85.55066079,236,19.55260978,971,80.44739022
2740740,61599,4172,718,10.34582133,6222,89.65417867,996,13.79883624,6222,86.20116376
2740810,63109,4353,136,16.93648817,667,83.06351183,174,20.68965517,667,79.31034483
2740830,68854,3510,119,10.4111986,1024,89.5888014,152,12.92517007,1024,87.07482993
2740860,64167,3471,127,13.84950927,790,86.15049073,173,17.96469367,790,82.03530633
2740920,47981,5481,106,13.53767561,677,86.46232439,116,14.62799496,677,85.37200504
2741040,46707,2739,1005,15.98028303,5284,84.01971697,1257,19.21724507,5284,80.78275493
2741060,59754,4142,256,10.28938907,2232,89.71061093,326,12.74433151,2232,87.25566849
2741880,51087,3005,586,10.84181314,4819,89.15818686,772,13.80790556,4819,86.19209444
2741430,57109,5793,166,14.42224153,985,85.57775847,233,19.12972085,985,80.87027915
2741460,97574,5958,589,7.342308651,7433,92.65769135,672,8.291178285,7433,91.70882171
2741850,54950,5629,418,15.42435424,2292,84.57564576,510,18.2012848,2292,81.7987152
2741910,86875,4543,301,7.820213042,3548,92.17978696,346,8.885464818,3548,91.11453518
2742160,109562,4824,1367,4.860962947,26755,95.13903705,1353,4.813576206,26755,95.18642379
2742360,84548,2705,1475,5.257155077,26582,94.74284492,2153,7.492604837,26582,92.50739516
2742720,53075,3462,1234,11.18665579,9797,88.81334421,1768,15.2875054,9797,84.7124946
2742750,50625,4924,255,16.50485437,1290,83.49514563,319,19.82597887,1290,80.17402113
2742780,51509,6421,388,13.06837319,2581,86.93162681,466,15.29373154,2581,84.70626846
2744070,51023,2176,1687,9.774044032,15573,90.22595597,2170,12.23017528,15573,87.76982472
2744160,51998,5198,842,12.92005524,5675,87.07994476,1169,17.08065459,5675,82.91934541
2744190,64279,3835,123,13.75838926,771,86.24161074,175,18.49894292,771,81.50105708
2745735,71689,6337,327,10.08014797,2917,89.91985203,399,12.03256936,2917,87.96743064
2791446,45667,2879,198,18.53932584,870,81.46067416,242,21.76258993,870,78.23741007
2791447,64241,5550,112,11.30171544,879,88.69828456,125,12.4501992,879,87.5498008
2791448,49868,5934,171,20.04689332,682,79.95310668,230,25.21929825,682,74.78070175
2791449,49750,3731,273,16.76904177,1355,83.23095823,306,18.42263697,1355,81.57736303
2791450,53538,2901,596,15.23906929,3315,84.76093071,716,17.76234185,3315,82.23765815
2718070,64745,3211,383,11.56400966,2929,88.43599034,604,17.09595245,2929,82.90404755
2723850,69368,2509,2522,7.443919717,31358,92.55608028,2903,8.473191092,31358,91.52680891
2700125,47912,2130,586,16.53965566,2957,83.46034434,684,18.78604779,2957,81.21395221
2700326,55949,3636,305,12.2,2195,87.8,417,15.96477795,2195,84.03522205
2703030,62353,4101,95,14.28571429,570,85.71428571,111,16.29955947,570,83.70044053
2700023,56983,5599,258,13.25796506,1688,86.74203494,372,18.05825243,1688,81.94174757
2700091,62614,4911,246,11.98830409,1806,88.01169591,342,15.92178771,1806,84.07821229
2700099,56944,5103,342,10.88478676,2800,89.11521324,456,14.004914,2800,85.995086
2700100,58255,3563,378,15.54915673,2053,84.45084327,495,19.42700157,2053,80.57299843
2700104,57644,2249,274,11.16089613,2181,88.83910387,393,15.26806527,2181,84.73193473
2700123,65680,3789,439,11.1082996,3513,88.8917004,611,14.8157129,3513,85.1842871
2700130,51337,2140,633,15.30834341,3502,84.69165659,792,18.44434094,3502,81.55565906
2700150,53529,4503,235,18.87550201,1010,81.12449799,284,21.94744977,1010,78.05255023
2700287,72169,3217,381,11.07236269,3060,88.92763731,520,14.52513966,3060,85.47486034
2700294,59226,5818,232,13.83422779,1445,86.16577221,337,18.91133558,1445,81.08866442
2700328,51321,3400,288,15.40106952,1582,84.59893048,341,17.73270931,1582,82.26729069
2705660,61172,4215,312,12.95681063,2096,87.04318937,567,21.29177619,2096,78.70822381
2707200,81657,2897,869,6.79065406,11928,93.20934594,1159,8.856116757,11928,91.14388324
2708070,40507,2318,326,16.68372569,1628,83.31627431,422,20.58536585,1628,79.41463415
2708190,101661,4556,914,4.164957849,21031,95.83504215,1351,6.036100438,21031,93.96389956
2709360,54688,8094,50,13.05483029,333,86.94516971,78,18.97810219,333,81.02189781
2709440,70772,4309,620,10.71922545,5164,89.28077455,774,13.03469182,5164,86.96530818
2710260,66000,6438,345,13.27433628,2254,86.72566372,456,16.82656827,2254,83.17343173
2712580,56806,2802,418,14.57970003,2449,85.42029997,623,20.27994792,2449,79.72005208
2713040,68214,4530,85,10.6918239,710,89.3081761,145,16.95906433,710,83.04093567
2715000,47418,5530,712,14.53357828,4187,85.46642172,991,19.13866358,4187,80.86133642
2717120,54309,3729,173,13.53677621,1105,86.46322379,238,17.72151899,1105,82.27848101
2718060,55335,3576,172,16.94581281,843,83.05418719,205,19.5610687,843,80.4389313
2718960,55662,3528,265,12.78340569,1808,87.21659431,352,16.2962963,1808,83.7037037
2700105,54767,3813,311,15.44957774,1702,84.55042226,424,19.94355597,1702,80.05644403
2723910,79551,3956,345,9.857142857,3155,90.14285714,427,11.92071468,3155,88.07928532
2728200,56519,3183,398,8.517012626,4275,91.48298737,532,11.06719368,4275,88.93280632
2700013,63040,5863,366,11.88697629,2713,88.11302371,511,15.84987593,2713,84.15012407
2700106,58309,2850,305,11.45755071,2357,88.54244929,508,17.73123909,2357,82.26876091
2700379,66409,3464,564,10.58359917,4765,89.41640083,759,13.74004345,4765,86.25995655
2728230,58450,3794,637,11.83574879,4745,88.16425121,885,15.71936057,4745,84.28063943
2732390,94036,2384,2387,4.047752285,56584,95.95224771,3822,6.327186041,56584,93.67281396
2732880,57732,3349,1051,9.805933943,9667,90.19406606,1288,11.7571885,9667,88.2428115
2742120,47107,2565,251,17.14480874,1213,82.85519126,303,19.98680739,1213,80.01319261
2742270,72556,2556,1701,8.573156595,18140,91.42684341,2331,11.38683992,18140,88.61316008
2742330,46813,4707,157,12.80587276,1069,87.19412724,211,16.484375,1069,83.515625
2791445,66947,3933,300,10.98498718,2431,89.01501282,392,13.88593695,2431,86.11406305
2791451,73880,3078,252,11.52263374,1935,88.47736626,336,14.79524439,1935,85.20475561
2700382,63897,6400,150,9.511731135,1427,90.48826886,241,14.44844125,1427,85.55155875
2700383,57593,5862,415,12.07448356,3022,87.92551644,492,14.0011383,3022,85.9988617
2700385,57159,5152,135,14.13612565,820,85.86387435,158,16.15541922,820,83.84458078
2706240,46815,7895,409,11.30771357,3208,88.69228643,699,17.89096493,3208,82.10903507
2706300,53404,2964,387,20.0622084,1542,79.9377916,478,23.66336634,1542,76.33663366
2707290,74969,2362,1374,4.849982351,26956,95.15001765,2636,8.907812922,26956,91.09218708
2707320,53250,8863,64,13.70449679,403,86.29550321,97,19.4,403,80.6
2707350,88056,5504,120,3.722084367,3104,96.27791563,253,7.536490915,3104,92.46350909
2707380,57775,5850,415,13.8656866,2578,86.1343134,550,17.5831202,2578,82.4168798
2707410,73288,2357,1282,10.37552606,11074,89.62447394,1767,13.76061054,11074,86.23938946
2707450,60469,6479,36,13.58490566,229,86.41509434,48,17.32851986,229,82.67148014
2707470,54132,4107,324,18.44052362,1433,81.55947638,418,22.5823879,1433,77.4176121
2707500,72946,3328,320,9.17168243,3169,90.82831757,503,13.69825708,3169,86.30174292
2707590,58935,6153,280,13.63857769,1773,86.36142231,461,20.63563115,1773,79.36436885
2708100,96006,3549,545,4.690592994,11074,95.30940701,705,5.985227948,11074,94.01477205
2708220,73407,4288,261,11.328125,2043,88.671875,352,14.69728601,2043,85.30271399
2708880,94500,21079,7,6.930693069,94,93.06930693,7,6.930693069,94,93.06930693
2708910,43796,6000,356,12.59731069,2470,87.40268931,386,13.51540616,2470,86.48459384
2708940,56667,7998,67,12.57035647,466,87.42964353,96,17.08185053,466,82.91814947
2709330,80156,3877,86,7.962962963,994,92.03703704,108,9.800362976,994,90.19963702
2709420,54141,4793,831,13.02099655,5551,86.97900345,1196,17.72639692,5551,82.27360308
2709480,52685,4420,534,13.05623472,3556,86.94376528,800,18.36547291,3556,81.63452709
2709510,54132,2026,1549,12.85904035,10497,87.14095965,1888,15.24424707,10497,84.75575293
2709540,58214,9037,67,14.16490486,406,85.83509514,109,21.16504854,406,78.83495146
2709690,56850,6592,157,16.25258799,809,83.74741201,220,21.37998056,809,78.62001944
2709720,55460,5051,438,10.74846626,3637,89.25153374,443,10.85784314,3637,89.14215686
2709750,51298,2876,604,11.30662673,4738,88.69337327,777,14.08884859,4738,85.91115141
2710060,64265,2286,466,11.61805036,3545,88.38194964,548,13.38871244,3545,86.61128756
2710090,53375,3451,165,11.51430565,1268,88.48569435,220,14.78494624,1268,85.21505376
2710140,47563,5372,418,15.92380952,2207,84.07619048,540,19.65780852,2207,80.34219148
2710170,95985,10528,347,7.584699454,4228,92.41530055,361,7.866637612,4228,92.13336239
2710230,59040,3423,919,11.15968427,7316,88.84031573,1112,13.19411486,7316,86.80588514
2711010,78106,4833,162,9.418604651,1558,90.58139535,217,12.22535211,1558,87.77464789
2711040,51913,1515,4778,10.93564039,38914,89.06435961,6451,14.22021382,38914,85.77978618
2711220,57386,6312,142,13.06347746,945,86.93652254,191,16.81338028,945,83.18661972
2711085,42910,2591,431,16.85569026,2126,83.14430974,604,22.12454212,2126,77.87545788
2711130,63804,7049,687,14.48450348,4056,85.51549652,731,15.27052434,4056,84.72947566
2711190,61319,4543,298,13.4841629,1912,86.5158371,415,17.83412119,1912,82.16587881
2711250,119294,6628,888,5.091743119,16552,94.90825688,1024,5.826126536,16552,94.17387346
2711370,97326,4921,1488,5.668571429,24762,94.33142857,2378,8.761974945,24762,91.23802506
2711460,52500,7793,91,18.60940695,398,81.39059305,101,20.24048096,398,79.75951904
2711520,48045,4617,377,13.34041047,2449,86.65958953,431,14.96527778,2449,85.03472222
2711670,117906,2597,636,3.904954872,15651,96.09504513,803,4.880272274,15651,95.11972773
2711760,60652,2570,1803,13.60754717,11447,86.39245283,2172,15.94830751,11447,84.05169249
2711820,93611,3226,426,3.381489125,12172,96.61851087,678,5.276264591,12172,94.72373541
2711880,54284,5512,1430,14.50157185,8431,85.49842815,1859,18.06608358,8431,81.93391642
2711910,60863,3774,192,13.66548043,1213,86.33451957,248,16.97467488,1213,83.02532512
2712180,68750,6514,32,8.913649025,327,91.08635097,53,13.94736842,327,86.05263158
2712210,43333,2784,142,17.44471744,672,82.55528256,165,19.71326165,672,80.28673835
2712240,71617,3141,477,12.31285493,3397,87.68714507,655,16.16485686,3397,83.83514314
2712270,85410,3039,1375,7.176034654,17786,92.82396535,1664,8.555269923,17786,91.44473008
2712300,48917,3960,298,15.68421053,1602,84.31578947,342,17.59259259,1602,82.40740741
2712360,60299,2699,403,14.12053259,2451,85.87946741,511,17.25185685,2451,82.74814315
2712420,58097,4585,505,7.680608365,6070,92.31939163,617,9.226858083,6070,90.77314192
2712480,60048,7702,154,12.99578059,1031,87.00421941,188,15.42247744,1031,84.57752256
2712900,78472,6418,99,7.86963434,1159,92.13036566,152,11.5942029,1159,88.4057971
2713020,57500,10043,42,10.82474227,346,89.17525773,65,15.81508516,346,84.18491484
2713110,52271,3328,285,9.550938338,2699,90.44906166,416,13.35473515,2699,86.64526485
2713140,70357,9550,89,11.05590062,716,88.94409938,156,17.88990826,716,82.11009174
2713170,53716,2193,1677,12.30735359,11949,87.69264641,2196,15.52492047,11949,84.47507953
2713380,60865,6104,41,8.039215686,469,91.96078431,78,14.25959781,469,85.74040219
2713530,76385,2845,1196,8.724832215,12512,91.27516779,1523,10.85144282,12512,89.14855718
2713560,77865,5004,246,12.85266458,1668,87.14733542,353,17.46660069,1668,82.53339931
2713590,64840,4071,259,11.97964847,1903,88.02035153,320,14.39496176,1903,85.60503824
2713680,48833,5084,122,19.93464052,490,80.06535948,128,20.71197411,490,79.28802589
2713860,52578,3279,183,12.55144033,1275,87.44855967,270,17.47572816,1275,82.52427184
2713890,48643,2306,70,14.22764228,422,85.77235772,96,18.53281853,422,81.46718147
2713920,70758,4271,552,10.75185041,4582,89.24814959,660,12.59061427,4582,87.40938573
2713930,60000,8533,93,11.93838254,686,88.06161746,150,17.94258373,686,82.05741627
2713980,47213,3443,1037,12.38948626,7333,87.61051374,1648,18.34984968,7333,81.65015032
2714010,41912,5163,124,14.3187067,742,85.6812933,196,20.89552239,742,79.10447761
2714040,64896,5176,111,11.1334002,886,88.8665998,180,16.88555347,886,83.11444653
2700001,49091,5172,399,15.9027501,2110,84.0972499,529,20.04547177,2110,79.95452823
2700005,52576,2799,447,15.45643154,2445,84.54356846,549,18.33667335,2445,81.66332665
2700006,62217,2425,313,11.55834564,2395,88.44165436,412,14.67759173,2395,85.32240827
2700007,56705,4086,306,12.5,2142,87.5,457,17.58368603,2142,82.41631397
2700008,54809,1660,1441,15.1956132,8042,84.8043868,1795,18.24743316,8042,81.75256684
2700017,84455,4059,702,7.874369041,8213,92.12563096,888,9.757169542,8213,90.24283046
2700019,58327,3069,633,12.88680782,4279,87.11319218,874,16.9609936,4279,83.0390064
2700021,56021,3649,550,12.51991805,3843,87.48008195,695,15.31511679,3843,84.68488321
2700022,45704,3429,757,18.70983688,3289,81.29016312,933,22.0985315,3289,77.9014685
2700024,62011,3908,232,12.88173237,1569,87.11826763,267,14.54248366,1569,85.45751634
2700088,60331,7153,115,9.51986755,1093,90.48013245,180,14.13982718,1093,85.86017282
2700089,58902,3424,271,11.88075406,2010,88.11924594,350,14.83050847,2010,85.16949153
2700103,47566,2314,240,17.75147929,1112,82.24852071,296,21.02272727,1112,78.97727273
2700090,55152,3101,303,12.5,2121,87.5,440,17.18078875,2121,82.81921125
2700101,57679,3915,196,18.63117871,856,81.36882129,286,25.04378284,856,74.95621716
2700102,61742,2925,485,13.78232452,3034,86.21767548,694,18.61587983,3034,81.38412017
2700107,53447,2665,189,14.90536278,1079,85.09463722,194,15.23959152,1079,84.76040848
2700108,50663,5363,555,14.85148515,3182,85.14851485,649,16.94074654,3182,83.05925346
2700109,49617,5083,658,16.65401164,3293,83.34598836,903,21.52049571,3293,78.47950429
2700110,54512,4075,162,14.59459459,948,85.40540541,237,20,948,80
2700124,50553,6046,912,14.23665314,5494,85.76334686,1072,16.32653061,5494,83.67346939
2700126,56406,3733,173,13.99676375,1063,86.00323625,247,18.85496183,1063,81.14503817
2700127,66774,5648,144,15.31914894,796,84.68085106,154,16.21052632,796,83.78947368
2700128,61796,3962,710,12.32424926,5051,87.67575074,928,15.52099013,5051,84.47900987
2700132,55145,2841,258,15.77981651,1377,84.22018349,379,21.58314351,1377,78.41685649
2700148,54347,2501,152,12.42845462,1071,87.57154538,242,18.43107388,1071,81.56892612
2700162,66680,3021,220,9.515570934,2092,90.48442907,340,13.98026316,2092,86.01973684
2700163,58721,3644,273,13.82278481,1702,86.17721519,462,21.34935305,1702,78.65064695
2700182,51385,2624,480,12.76595745,3280,87.23404255,757,18.75154818,3280,81.24845182
2700183,54236,4673,224,15.7635468,1197,84.2364532,297,19.87951807,1197,80.12048193
2700231,55702,3991,501,13.14270724,3311,86.85729276,586,15.03720811,3311,84.96279189
2702640,62591,3664,141,11.13744076,1125,88.86255924,206,15.4770849,1125,84.5229151
2702720,67688,4172,209,13.62451108,1325,86.37548892,249,15.81956798,1325,84.18043202
2702730,59118,5514,142,13.73307544,892,86.26692456,181,16.86859273,892,83.13140727
2702760,46644,2980,741,13.83495146,4615,86.16504854,1076,18.90704621,4615,81.09295379
2702910,49932,2359,443,11.43816163,3430,88.56183837,644,15.80756014,3430,84.19243986
2702930,73988,4575,446,11.34860051,3484,88.65139949,600,14.69147894,3484,85.30852106
2702970,49318,1995,1514,13.18355974,9970,86.81644026,2138,17.65774694,9970,82.34225306
2703060,61097,3459,1661,10.97238737,13477,89.02761263,2291,14.52942669,13477,85.47057331
2703150,67378,4472,523,10.76574722,4335,89.23425278,717,14.19239905,4335,85.80760095
2703180,82438,1426,5266,5.78522384,85759,94.21477616,7537,8.078588578,85759,91.92141142
2703300,60144,3447,70,10.43219076,601,89.56780924,105,14.87252125,601,85.12747875
2703450,48529,2749,1550,12.11316036,11246,87.88683964,1939,14.70610542,11246,85.29389458
2703540,53636,5333,55,10.24208566,482,89.75791434,75,13.46499102,482,86.53500898
2703570,45381,2654,438,15.52090716,2384,84.47909284,535,18.32819459,2384,81.67180541
2703660,79125,6580,255,12.58016774,1772,87.41983226,327,15.57884707,1772,84.42115293
2703690,63866,3605,215,12.20204313,1547,87.79795687,324,17.31694281,1547,82.68305719
2703750,57406,3839,202,10.38560411,1743,89.61439589,269,13.36978131,1743,86.63021869
2703870,89371,3277,235,5.428505429,4094,94.57149457,338,7.626353791,4094,92.37364621
2704050,85096,8389,195,5.936073059,3090,94.06392694,309,9.090909091,3090,90.90909091
2704440,51640,2436,1655,9.885318361,15087,90.11468164,2151,12.47824574,15087,87.52175426
2704470,50174,6249,424,15.13745091,2377,84.86254909,507,17.57975035,2377,82.42024965
2705430,44181,4298,310,18.37581506,1377,81.62418494,354,20.45060659,1377,79.54939341
2705460,89782,6782,262,4.139674514,6067,95.86032549,397,6.141707921,6067,93.85829208
2705730,48125,3487,228,13.09592188,1513,86.90407812,346,18.61215707,1513,81.38784293
2705760,64831,5735,295,15.52631579,1605,84.47368421,369,18.69300912,1605,81.30699088
2705790,72127,1670,2592,6.750175786,35807,93.24982421,3815,9.628489223,35807,90.37151078
2706060,56893,2959,349,12.76051188,2386,87.23948812,489,17.00869565,2386,82.99130435
2706090,55821,2140,2051,10.31378859,17835,89.68621141,2689,13.10173455,17835,86.89826545
2706150,50814,7628,359,14.15057154,2178,85.84942846,483,18.15107103,2178,81.84892897
2714070,45951,2661,610,17.98879387,2781,82.01120613,819,22.75,2781,77.25
2714280,62212,4279,148,10.89837997,1210,89.10162003,172,12.44573082,1210,87.55426918
2714190,71535,2574,295,13.72731503,1854,86.27268497,434,18.96853147,1854,81.03146853
2714220,106103,2707,894,3.694825591,23302,96.30517441,1397,5.656099437,23302,94.34390056
2714260,71796,2200,2229,6.826116249,30425,93.17388375,2755,8.303194696,30425,91.6968053
2714970,61197,3676,844,9.769649265,7795,90.23035074,1002,11.39024668,7795,88.60975332
2715030,70076,4019,943,7.141234381,12262,92.85876562,1523,11.04824084,12262,88.95175916
2715510,45281,4627,259,15.19953052,1445,84.80046948,317,17.99091941,1445,82.00908059
2715750,74230,6979,361,9.777898158,3331,90.22210184,470,12.36516706,3331,87.63483294
2716830,62679,10493,42,11.898017,311,88.101983,59,15.94594595,311,84.05405405
2716980,78854,4387,246,6.130077249,3767,93.86992275,276,6.826613901,3767,93.1733861
2717010,43542,7186,78,15.75757576,417,84.24242424,89,17.58893281,417,82.41106719
2717100,68889,2923,292,11.30906274,2290,88.69093726,410,15.18518519,2290,84.81481481
2717220,72875,4406,121,6.378492356,1776,93.62150764,214,10.75376884,1776,89.24623116
2717250,63385,4525,357,8.933933934,3639,91.06606607,412,10.17032831,3639,89.82967169
2717520,63472,3537,548,12.52571429,3827,87.47428571,614,13.82571493,3827,86.17428507
2717570,49521,6154,214,13.14496314,1414,86.85503686,365,20.51714446,1414,79.48285554
2717780,107695,2937,712,3.470123794,19806,96.52987621,947,4.563195683,19806,95.43680432
2717880,58646,6500,51,14.40677966,303,85.59322034,65,17.66304348,303,82.33695652
2717910,58516,5189,102,13.58189081,649,86.41810919,136,17.32484076,649,82.67515924
2717940,55536,4072,78,9.911054638,709,90.08894536,115,13.95631068,709,86.04368932
2718090,69122,4397,238,13.70967742,1498,86.29032258,298,16.59242762,1498,83.40757238
2718210,61330,2401,695,12.90142937,4692,87.09857063,896,16.03435934,4692,83.96564066
2718240,51282,2210,1231,14.58358014,7210,85.41641986,1551,17.70345851,7210,82.29654149
2718270,50000,12523,131,15.32163743,724,84.67836257,168,18.83408072,724,81.16591928
2718330,58042,3888,324,10.08089608,2890,89.91910392,500,14.74926254,2890,85.25073746
2718360,49318,11542,71,14.05940594,434,85.94059406,103,19.18063315,434,80.81936685
2718540,56146,6348,247,20.75630252,943,79.24369748,271,22.32289951,943,77.67710049
2718570,53550,7948,237,14.61159063,1385,85.38840937,281,16.8667467,1385,83.1332533
2718660,41895,1336,337,20.10739857,1339,79.89260143,404,23.178428,1339,76.821572
2718750,106875,6073,675,10.8,5575,89.2,743,11.76005065,5575,88.23994935
2718780,54846,2357,2110,7.501688769,26017,92.49831123,2931,10.12505182,26017,89.87494818
2718810,72137,4630,193,9.373482273,1866,90.62651773,266,12.47654784,1866,87.52345216
2718920,55125,4424,54,12.08053691,393,87.91946309,76,16.20469083,393,83.79530917
2718940,52000,4132,576,8.826233527,5950,91.17376647,652,9.875795214,5950,90.12420479
2719170,47569,2487,315,13.22418136,2067,86.77581864,457,18.10618067,2067,81.89381933
2719320,73650,5265,119,9.786184211,1097,90.21381579,176,13.8256088,1097,86.1743912
2720550,64178,3504,565,14.0652228,3452,85.9347772,836,19.49626866,3452,80.50373134
2720580,49673,3482,230,13.93095094,1421,86.06904906,282,16.55901351,1421,83.44098649
2720670,58833,2085,605,11.90241983,4478,88.09758017,843,15.84288668,4478,84.15711332
2721240,59005,1085,14852,7.869651609,173873,92.13034839,22649,11.52491833,173873,88.47508167
2721270,65972,3675,137,11.57094595,1047,88.42905405,205,16.37380192,1047,83.62619808
2721320,51147,5587,573,15.22721233,3190,84.77278767,724,18.49770056,3190,81.50229944
2721390,73462,3968,572,6.959484122,7647,93.04051588,764,9.083343241,7647,90.91665676
2721420,62464,3150,1938,9.961449499,17517,90.0385505,2687,13.29934666,17517,86.70065334
2721450,55563,4511,324,14.88286633,1853,85.11713367,398,17.68103065,1853,82.31896935
2721480,52372,2627,646,13.08221952,4292,86.91778048,869,16.83782213,4292,83.16217787
2722920,100602,9980,479,5.474911418,8270,94.52508858,704,7.844885224,8270,92.15511478
2722950,80215,2459,2821,8.426429297,30657,91.5735707,3325,9.784591843,30657,90.21540816
2723010,52589,5134,221,14.80241125,1272,85.19758875,294,18.77394636,1272,81.22605364
2723310,54010,3338,279,14.01305876,1712,85.98694124,392,18.63117871,1712,81.36882129
2728960,26313,573,15,12,110,88,21,16.03053435,110,83.96946565
2799999,68437,277,208684,8.79284047,2164656,91.20715953,283696,11.58722275,2164656,88.41277725
2700388,60556,7108,104,12.77641278,710,87.22358722,136,16.07565012,710,83.92434988
2707110,39667,10202,72,17.30769231,344,82.69230769,91,20.91954023,344,79.08045977
2715540,52260,3122,112,16.25544267,577,83.74455733,134,18.8466948,577,81.1533052
2718390,74688,10531,35,7.575757576,427,92.42424242,63,12.85714286,427,87.14285714
2721210,62750,8229,30,9.771986971,277,90.22801303,52,15.80547112,277,84.19452888
2733720,26563,8508,39,21.54696133,142,78.45303867,32,18.3908046,142,81.6091954
2717460,53750,8242,111,16.59192825,558,83.40807175,122,17.94117647,558,82.05882353
