GEOID,DST_NUM,DST_TYE,District,DST_NAM,ADMTOTAL,GeneralFundExpenditures,PerPupilExp,AvgTeacherSal,ReadingProficiency
2702760,0001,01,0001-01,Aitkin Public School District,1177.69,12036522,10220.45,55454,0.576385714
2721240,0001,03,0001-03,Minneapolis Public School District,34088.09,439046660,12879.77,70659,0.4648
2714010,0002,01,0002-01,Hill City Public School District,264.67,3787461,14310.13,55552,0.462828571
2719170,0004,01,0004-01,McGregor Public School District,464.3,5596677,12054.01,50071,0.492585714
2733270,0006,03,0006-03,South St. Paul Public School District,3419.29,34984783,10231.59,65558,0.450614286
2703180,0011,01,0011-01,Anoka-Hennepin Public School District,38121.71,427741016,11220.40,70407,0.650485714
2708100,0012,01,0012-01,Centennial Public School District,6575.93,71503817,10873.57,66703,0.688528571
2709510,0013,01,0013-01,Columbia Heights Public School District,3457.95,34927109,10100.52,66754,0.350957143
2712420,0014,01,0014-01,Fridley Public School District,2899.39,33593832,11586.52,62370,0.441814286
2733540,0015,01,0015-01,St. Francis Public School District,4356.21,42954903,9860.61,62596,0.607257143
2733330,0016,01,0016-01,Spring Lake Park Public Schools,5976.6,56496807,9453.00,58378,0.564728571
2710230,0022,01,0022-01,Detroit Lakes Public School District,2994.25,31624477,10561.74,57512,0.610257143
2712360,0023,01,0023-01,Frazee-Vergas Public School District,912.34,9788592,10729.11,56773,0.616714286
2728960,0025,01,0025-01,Pine Point Public School District,63.53,1431696,22535.75,56935,0.28635
2704440,0031,01,0031-01,Bemidji Public School District,5044.73,57707180,11439.10,63506,0.555557143
2705730,0032,01,0032-01,Blackduck Public School District,655.95,7002715,10675.68,52621,0.4821
2717010,0036,01,0036-01,Kelliher Public School District,276.55,4739154,17136.70,54089,0.446985714
2730510,0038,01,0038-01,Red Lake Public School District,1473.35,30482917,20689.53,54398,0.2403
2732880,0047,01,0047-01,Sauk Rapids-Rice Public Schools,4517.87,44715087,9897.38,59904,0.572685714
2712240,0051,01,0051-01,Foley Public School District,1933.09,18546832,9594.40,58363,0.6926
2733480,0075,01,0075-01,St. Clair Public School District,661.98,6180560,9336.48,53243,0.600714286
2718780,0077,01,0077-01,Mankato Public School District,8656.15,87845043,10148.28,59706,0.641842857
2709540,0081,01,0081-01,Comfrey Public School District,146.94,1910965,13005.07,50694,0.596433333
2733210,0084,01,0084-01,Sleepy Eye Public School District,578.7,6073846,10495.67,46479,0.583171429
2733390,0085,01,0085-01,Springfield Public School District,559.52,5576610,9966.78,52708,0.685971429
2723490,0088,01,0088-01,New Ulm Public School District,2141.47,23115819,10794.37,52039,0.577357143
2703690,0091,01,0091-01,Barnum Public School District,706.79,7844835,11099.24,56920,0.703485714
2707590,0093,01,0093-01,Carlton Public School District,433.66,5305718,12234.74,39522,0.565757143
2709420,0094,01,0094-01,Cloquet Public School District,2761.49,27810520,10070.84,63524,0.673271429
2709690,0095,01,0095-01,Cromwell-Wright Public Schools,323.59,4906784,15163.58,51681,0.553514286
2721450,0097,01,0097-01,Moose Lake Public School District,633.22,6419007,10137.09,57525,0.541614286
2738880,0099,01,0099-01,Esko Public School District,1255.45,10796321,8599.56,61790,0.806128571
2744190,0100,01,0100-01,Wrenshall Public School District,364.46,3952098,10843.71,51121,0.547228571
2723910,0108,01,0108-01,Central Public School District,956.98,9205468,9619.29,54631,0.636985714
2741460,0110,01,0110-01,Waconia Public School District,4050.66,41590079,10267.48,62452,0.706942857
2741910,0111,01,0111-01,Watertown-Mayer Public School District,1535.33,14911126,9712.00,56594,0.645914286
2708190,0112,01,0112-01,Eastern Carver County Public Schools,9673.13,107996917,11164.63,70239,0.670157143
2702910,0113,01,0113-01,Walker-Hackensack-Akeley School District,769.62,9261043,12033.27,52748,0.539128571
2708070,0115,01,0115-01,Cass Lake-Bena Public Schools,1158.74,21507053,18560.72,56748,0.352757143
2728350,0116,01,0116-01,Pillager Public School District,1166.01,10312923,8844.63,54983,0.5975
2730870,0118,01,0118-01,Northland Community Schools,327.35,6038520,18446.68,52789,0.398033333
2721320,0129,01,0129-01,Montevideo Public School District,1567.26,15043396,9598.53,62060,0.585785714
2723820,0138,01,0138-01,North Branch Public Schools,2692.7,27562973,10236.18,62287,0.5552
2732550,0139,01,0139-01,Rush City Public School District,848.18,7891842,9304.44,50285,0.670014286
2703660,0146,01,0146-01,Barnesville Public School District,879.17,8618085,9802.52,59458,0.770514286
2713560,0150,01,0150-01,Hawley Public School District,987.42,8766777,8878.47,60606,0.690814286
2721420,0152,01,0152-01,Moorhead Public School District,6857.35,72279388,10540.43,57577,0.527485714
2703570,0162,01,0162-01,Bagley Public School District,992.89,11000574,11079.35,56447,0.497742857
2713110,0166,01,0166-01,Cook County Public Schools,463.8,5943384,12814.54,50172,0.5853
2723010,0173,01,0173-01,Mountain Lake Public Schools,509.35,5562343,10920.47,54787,0.565842857
2742780,0177,01,0177-01,Windom Public School District,1077.41,12649677,11740.82,47712,0.576328571
2706090,0181,01,0181-01,Brainerd Public School District,6572.89,71227350,10836.53,62693,0.6792
2709750,0182,01,0182-01,Crosby-Ironton Public School District,1043.12,11427562,10955.17,56680,0.642871429
2728200,0186,01,0186-01,Pequot Lakes Public Schools,1727.56,15564016,9009.25,60281,0.704228571
2707290,0191,01,0191-01,Burnsville Public School District,8672.41,102758358,11848.88,71750,0.482771429
2711820,0192,01,0192-01,Farmington Public School District,7295.26,71285939,9771.54,66219,0.575828571
2717780,0194,01,0194-01,Lakeville Public School District,11098.37,125766054,11331.94,70874,0.7331
2730150,0195,01,0195-01,Randolph Public School District,679.42,6804649,10015.38,49924,0.511328571
2732390,0196,01,0196-01,Rosemount-Apple Valley-Eagan,28563.45,289752744,10144.18,74578,0.652914286
2742270,0197,01,0197-01,West St. Paul-Mendota Heights-Eagan,5175.48,58530102,11309.12,62490,0.5968
2715030,0199,01,0199-01,Inver Grove Heights Schools,3583.2,36658026,10230.53,65095,0.5164
2713530,0200,01,0200-01,Hastings Public School District,4346.71,47256101,10871.69,64896,0.651
2713590,0203,01,0203-01,Hayfield Public School District,708.95,6966813,9826.95,56280,0.489057143
2716980,0204,01,0204-01,Kasson-Mantorville School District,2222.73,19343642,8702.65,56093,0.665071429
2703060,0206,01,0206-01,Alexandria Public School District,4201.34,45346085,10793.24,55914,0.656257143
2725140,0213,01,0213-01,Osakis Public School District,840.41,7631697,9080.92,53044,0.620785714
2708220,0227,01,0227-01,Chatfield Public Schools,867.48,8766530,10105.74,53977,0.705128571
2717910,0229,01,0229-01,Lanesboro Public School District,352.39,3613783,10255.07,52824,0.632571429
2718540,0238,01,0238-01,Mabel-Canton Public School District,256.28,2918326,11387.26,46123,0.602314286
2728290,0239,01,0239-01,Rushford-Peterson Public Schools,693.09,7449969,10748.92,53249,0.621057143
2702970,0241,01,0241-01,Albert Lea Public School District,3491.22,38441564,11010.93,58998,0.468185714
2703030,0242,01,0242-01,Alden-Conger Public School District,501.42,5525741,11020.18,53510,0.586057143
2707500,0252,01,0252-01,Cannon Falls Public School District,1153.09,11755018,10194.36,51704,0.624742857
2712900,0253,01,0253-01,Goodhue Public School District,682.9,6072059,8891.58,48000,0.561785714
2728950,0255,01,0255-01,Pine Island Public School District,1360.77,12474746,9167.42,55817,0.686657143
2730480,0256,01,0256-01,Red Wing Public School District,2724.27,28748425,10552.71,59419,0.548385714
2703300,0261,01,0261-01,Ashby Public School District,285.87,2551563,8925.61,48519,0.589814286
2713890,0264,01,0264-01,Herman-Norcross School District,97.45,1604621,16466.10,48590,0.6
2714260,0270,01,0270-01,Hopkins Public School District,6858.37,81156042,11833.14,68475,0.594985714
2705790,0271,01,0271-01,Bloomington Public School District,10466.54,127973644,12226.93,68922,0.535157143
2714220,0272,01,0272-01,Eden Prairie Public School District,8916.38,98200311,11013.47,63903,0.735371429
2711250,0273,01,0273-01,Edina Public School District,8412.2,98223666,11676.34,75489,0.774328571
2711670,0276,01,0276-01,Minnetonka Public School District,10926.92,115377537,10559.02,73195,0.814842857
2722920,0277,01,0277-01,Westonka Public School District,2440.68,27509910,11271.41,66063,0.776071429
2725080,0278,01,0278-01,Orono Public School District,2876.85,33235969,11552.90,73679,0.788314286
2725200,0279,01,0279-01,Osseo Public School District,21072.86,222122568,10540.69,65884,0.549457143
2731750,0280,01,0280-01,Richfield Public School District,4231.02,45318424,10710.99,68409,0.434857143
2731780,0281,01,0281-01,Robbinsdale Public School District,12236.62,133467295,10907.20,59092,0.487471429
2733420,0282,01,0282-01,St. Anthony-New Brighton Schools,1816.12,18558636,10218.84,63687,0.675614286
2733780,0283,01,0283-01,St. Louis Park Public School District,4616.9,58543881,12680.34,63193,0.589185714
2742160,0284,01,0284-01,Wayzata Public School District,11911.97,133911351,11241.75,64164,0.807957143
2706240,0286,01,0286-01,Brooklyn Center School District,2487.32,24748211,9949.75,56287,0.224285714
2714280,0294,01,0294-01,Houston Public School District,1923.5,19059114,9908.56,52665,0.579471429
2733300,0297,01,0297-01,Spring Grove School District,363.66,4207056,11568.65,52829,0.682514286
2707380,0299,01,0299-01,Caledonia Public School District,717.07,7693922,10729.67,58525,0.610757143
2717250,0300,01,0300-01,La Crescent-Hokah School District,1108.1,12031091,10857.41,52112,0.5513
2717940,0306,01,0306-01,Laporte Public School District,324.58,3773136,11624.67,49460,0.480328571
2723370,0308,01,0308-01,Nevis Public School District,592.15,5852396,9883.30,53321,0.683614286
2728080,0309,01,0309-01,Park Rapids Public School District,1670.67,16104587,9639.60,52168,0.517957143
2706060,0314,01,0314-01,Braham Public School District,740.08,6760399,9134.69,53013,0.598514286
2709480,0316,01,0316-01,Greenway Public School District,1050.51,12708016,12097.00,53537,0.617242857
2710140,0317,01,0317-01,Deer River Public School District,921.64,12105608,13134.86,52811,0.535571429
2713170,0318,01,0318-01,Grand Rapids Public School District,3998.92,45181414,11298.40,66318,0.614971429
2723310,0319,01,0319-01,Nashwauk-Keewatin School District,587.22,7359072,12532.05,61054,0.507628571
2708880,0323,02,0323-02,Franconia Public School District,26.74,259866,9718.25,0,
2713930,0330,01,0330-01,Heron Lake-Okabena School District,277.5,3900465,14055.73,48640,0.460928571
2721480,0332,01,0332-01,Mora Public School District,1616.46,15524774,9604.18,55814,0.657842857
2723970,0333,01,0333-01,Ogilvie Public School District,506.11,5297964,10468.01,49065,0.443028571
2723400,0345,01,0345-01,New London-Spicer School District,1536.7,15420092,10034.55,57985,0.6903
2742720,0347,01,0347-01,Willmar Public School District,4253.25,41869252,9844.06,52793,0.4668
2717880,0356,01,0356-01,Lancaster Public School District,163.1,2663238,16328.87,48662,0.71958
2715000,0361,01,0361-01,International Falls School District,998.31,11355361,11374.58,61750,0.6278
2718270,0362,01,0362-01,Littlefork-Big Falls School District,322.84,4017182,12443.26,63259,0.608714286
2732700,0363,01,0363-01,South Koochiching School District,292.54,5317391,18176.63,46298,0.484671429
2710090,0378,01,0378-01,Dawson-Boyd Public School District,565.34,6225734,11012.37,53429,0.644714286
2740740,0381,01,0381-01,Lake Superior Public School District,1375.69,15344784,11154.25,58907,0.6193
2717570,0390,01,0390-01,Lake of The Woods School District,459.65,5571088,12120.28,52965,0.472957143
2709330,0391,01,0391-01,Cleveland Public School District,509.65,4664608,9152.57,52481,0.667842857
2713680,0402,01,0402-01,Hendricks Public School District,141.41,2161147,15282.84,35033,0.732
2715540,0403,01,0403-01,Ivanhoe Public School District,141.59,1418909,10021.25,31994,0.527366667
2717460,0404,01,0404-01,Lake Benton Public School District,197.21,2039518,10341.86,47170,0.781825
2718940,0413,01,0413-01,Marshall Public School District,2517.25,25908771,10292.49,53720,0.586671429
2721270,0414,01,0414-01,Minneota Public School District,479.65,5172424,10783.75,46982,0.730571429
2718390,0415,01,0415-01,Lynd Public School District,215.17,2552000,11860.39,38785,0.40548
2714970,0423,01,0423-01,Hutchinson Public School District,2826.42,29338751,10380.18,58937,0.663142857
2702640,0424,01,0424-01,Lester Prairie Public School District,464.87,4332496,9319.80,46734,0.557157143
2718660,0432,01,0432-01,Mahnomen Public School District,608.83,9146505,15023.09,54660,0.332942857
2742120,0435,01,0435-01,Waubun-Ogema-White Earth Public Schools,660.56,7963601,12055.83,50530,0.408685714
2723550,0441,01,0441-01,Marshall County Central Schools,427.25,4957405,11603.05,48064,0.624014286
2718920,0447,01,0447-01,Grygla Public School District,150.23,2773895,18464.32,50347,0.525416667
2740680,0458,01,0458-01,Truman Public School District,211.57,2502616,11828.78,52419,0.576085714
2711190,0463,01,0463-01,Eden Valley-Watkins School District,960.06,9056589,9433.36,49767,0.676214286
2718210,0465,01,0465-01,Litchfield Public School District,1555.53,16221008,10427.96,53885,0.651457143
2710060,0466,01,0466-01,Dassel-Cokato Public School District,2213.05,20454365,9242.61,59426,0.725114286
2715510,0473,01,0473-01,Isle Public School District,417.09,4747300,11381.96,46457,0.5389
2730030,0477,01,0477-01,Princeton Public School District,3333.81,33130844,9937.83,61582,0.634157143
2725050,0480,01,0480-01,Onamia Public School District,590.37,9390762,15906.57,49239,0.367657143
2718240,0482,01,0482-01,Little Falls Public School District,2466.39,25026133,10146.87,59224,0.480142857
2728320,0484,01,0484-01,Pierz Public School District,1174.65,10189027,8674.10,53080,0.610642857
2732520,0485,01,0485-01,Royalton Public School District,948.11,8440700,8902.66,48784,0.524042857
2738280,0486,01,0486-01,Swanville Public School District,313.54,2999605,9566.90,53650,0.544328571
2740860,0487,01,0487-01,Upsala Public School District,380.38,3809450,10014.85,54237,0.532442857
2703450,0492,01,0492-01,Austin Public School District,5058.2,53287195,10534.81,58786,0.435071429
2713140,0495,01,0495-01,Grand Meadow Public School District,439.87,5035179,11446.97,47951,0.539157143
2718360,0497,01,0497-01,Lyle Public School District,290.4,3272497,11268.93,39388,0.420285714
2718060,0499,01,0499-01,LeRoy-Ostrander Public Schools,267.05,3581201,13410.23,50344,0.638471429
2702720,0500,01,0500-01,Southland Public School District,405.1,5708811,14092.35,54435,0.564542857
2712480,0505,01,0505-01,Fulda Public School District,344.56,4745658,13773.10,56571,0.534657143
2723580,0507,01,0507-01,Nicollet Public School District,388.01,4287203,11049.21,50567,0.563871429
2733870,0508,01,0508-01,St. Peter Public School District,2218.28,23104762,10415.62,52636,0.594428571
2702730,0511,01,0511-01,Adrian Public School District,570.78,5923858,10378.53,47893,0.576014286
2711460,0514,01,0514-01,Ellsworth Public School District,142.2,1931174,13580.69,39781,0.657
2744160,0518,01,0518-01,Worthington Public School District,3901.98,32546249,8340.96,54647,0.444442857
2707350,0531,01,0531-01,Byron Public School District,2129.25,18758087,8809.72,55919,0.760614286
2711010,0533,01,0533-01,Dover-Eyota Public School District,1118.62,10019353,8956.89,54262,0.633428571
2738160,0534,01,0534-01,Stewartville Public School District,2093.93,18817324,8986.61,56318,0.611271429
2731800,0535,01,0535-01,Rochester Public School District,17602.32,189372896,10758.41,63256,0.553985714
2703750,0542,01,0542-01,Battle Lake Public School District,431.41,3704610,8587.21,58455,0.721828571
2711880,0544,01,0544-01,Fergus Falls Public School District,2925.35,25374444,8673.99,55153,0.648671429
2713860,0545,01,0545-01,Henning Public School District,374.48,4251043,11351.86,51598,0.647157143
2728110,0547,01,0547-01,Parkers Prairie Public School District,544.22,6431599,11818.01,53998,0.647771429
2728170,0548,01,0548-01,Pelican Rapids Public School District,872.94,8614787,9868.70,56908,0.572542857
2728230,0549,01,0549-01,Perham-Dent Public School District,1520.35,15271710,10044.86,51687,0.619742857
2740830,0550,01,0550-01,Underwood Public School District,559.99,5222568,9326.18,45041,0.5961
2723520,0553,01,0553-01,New York Mills Public School District,739.75,6706695,9066.16,51507,0.600085714
2713020,0561,01,0561-01,Goodridge Public School District,232.21,3278136,14117.12,48272,0.482142857
2738850,0564,01,0564-01,Thief River Falls School District,1970.23,19967183,10134.44,55477,0.603057143
2742750,0577,01,0577-01,Willow River Public School District,415.48,4674236,11250.21,50386,0.580871429
2728380,0578,01,0578-01,Pine City Public School District,1585.47,17968280,11333.09,58157,0.556385714
2711220,0581,01,0581-01,Edgerton Public School District,408.35,4162723,10194.01,48724,0.526228571
2709360,0592,01,0592-01,Climax-Shelly Public Schools,216.49,2151649,9938.79,40615,0.518114286
2709720,0593,01,0593-01,Crookston Public School District,1124.77,12715979,11305.40,55092,0.554271429
2711130,0595,01,0595-01,East Grand Forks Public School District,1911.42,17686216,9252.92,55881,0.545642857
2711910,0599,01,0599-01,Fertile-Beltrami School District,477.62,5543145,11605.76,54262,0.717042857
2712180,0600,01,0600-01,Fisher Public School District,270.17,2856133,10571.61,43329,0.424128571
2712300,0601,01,0601-01,Fosston Public School District,615.05,7021437,11416.04,55771,0.663328571
2722950,0621,01,0621-01,Mounds View Public School District,11656.29,133923939,11489.41,63793,0.675314286
2723850,0622,01,0622-01,North St. Paul-Maplewood-Oakdale School District,10635.99,113727860,10692.74,60296,0.5079
2732430,0623,01,0623-01,Roseville Public School District,7579.82,82594748,10896.66,70958,0.563642857
2742360,0624,01,0624-01,White Bear Lake School District,8707.45,102105396,11726.21,72437,0.6488
2733840,0625,01,0625-01,St. Paul Public School District,35937.23,439053778,12217.24,75199,0.3959
2730450,0630,01,0630-01,Red Lake Falls Public School District,369.44,4449884,12044.94,50961,0.590128571
2721210,0635,01,0635-01,Milroy Public School District,81.48,1129854,13866.64,34232,0.462
2741430,0640,01,0640-01,Wabasso Public School District,403.37,4318872,10706.97,47734,0.557385714
2711760,0656,01,0656-01,Faribault Public School District,3553,42164158,11867.20,57413,0.4167
2723880,0659,01,0659-01,Northfield Public School District,4050.03,47720683,11782.80,59934,0.684371429
2714040,0671,01,0671-01,Hills-Beaver Creek School District,367.61,3871636,10531.91,47693,0.676771429
2703540,0676,01,0676-01,Badger Public School District,221.11,3146215,14229.18,54724,0.692442857
2732250,0682,01,0682-01,Roseau Public School District,1165.07,11945939,10253.41,58274,0.645685714
2741850,0690,01,0690-01,Warroad Public School District,992.99,12008594,12093.37,55268,0.669442857
2708910,0695,01,0695-01,Chisholm Public School District,728.18,8113580,11142.27,52284,0.590128571
2711520,0696,01,0696-01,Ely Public School District,567.79,7150004,12592.69,53835,0.6322
2712210,0698,01,0698-01,Floodwood Public School District,207.78,2947231,14184.38,47401,0.48578
2713920,0700,01,0700-01,Hermantown Public School District,2073.2,18925522,9128.65,61650,0.711714286
2713980,0701,01,0701-01,Hibbing Public School District,2381.46,27959518,11740.49,61451,0.6731
2730090,0704,01,0704-01,Proctor Public School District,1789.77,19787213,11055.73,56413,0.597057143
2741040,0706,01,0706-01,Virginia Public School District,1736.49,19983684,11508.09,62337,0.674685714
2733720,0707,01,0707-01,Nett Lake Public School District,95.98,1773774,18480.66,55843,0.566666667
2711040,0709,01,0709-01,Duluth Public School District,8229.16,111622631,13564.28,63498,0.624971429
2700001,0712,01,0712-01,Mountain Iron-Buhl School District,518.55,6855707,13220.92,59868,0.632328571
2704050,0716,01,0716-01,Belle Plaine Public School District,1599.93,14951404,9345.04,51508,0.632614286
2715750,0717,01,0717-01,Jordan Public School District,1896.91,18040300,9510.36,63076,0.662442857
2730060,0719,01,0719-01,Prior Lake-Savage Area Schools,8819.62,87163913,9882.96,65912,0.682771429
2733000,0720,01,0720-01,Shakopee Public School District,8247.22,75895117,9202.51,59842,0.623271429
2723430,0721,01,0721-01,New Prague Area Schools,4226.44,39848526,9428.39,59222,0.698828571
2703870,0726,01,0726-01,Becker Public School District,2866.46,29895458,10429.40,62625,0.648314286
2705460,0727,01,0727-01,Big Lake Public School District,3026.16,30150488,9963.28,61786,0.631128571
2711370,0728,01,0728-01,Elk River Public School District,13362.27,138474993,10363.13,67476,0.700242857
2714190,0738,01,0738-01,Holdingford Public School District,1055.74,9635734,9127.00,50586,0.666742857
2717220,0739,01,0739-01,Kimball Public School District,758.4,7352283,9694.47,45696,0.698628571
2720550,0740,01,0740-01,Melrose Public School District,1334.42,13303761,9969.70,58695,0.546128571
2728140,0741,01,0741-01,Paynesville Public School District,931.48,8868731,9521.12,61109,0.599428571
2733510,0742,01,0742-01,St. Cloud Public School District,9940.85,103398210,10401.34,56694,0.437257143
2732850,0743,01,0743-01,Sauk Centre Public School District,1093.69,11047164,10100.82,61590,0.623357143
2702930,0745,01,0745-01,Albany Public School District,1761.52,17089551,9701.59,62244,0.682842857
2732820,0748,01,0748-01,Sartell-St. Stephen School District,4017.65,36147962,8997.29,62755,0.721571429
2709440,0750,01,0750-01,Rocori Public School District,2113.89,21712045,10271.13,56975,0.6453
2705760,0756,01,0756-01,Blooming Prairie Public School District,760.07,7208294,9483.72,56088,0.637628571
2728050,0761,01,0761-01,Owatonna Public School District,4943.21,52113289,10542.40,60358,0.539128571
2719320,0763,01,0763-01,Medford Public School District,885.73,7943135,8967.90,49957,0.527428571
2713380,0768,01,0768-01,Hancock Public School District,359.77,3680472,10230.07,43060,0.672771429
2708940,0771,01,0771-01,Chokio-Alberta Public School District,155.03,2233793,14408.78,47337,0.480225
2717120,0775,01,0775-01,Kerkhoven-Murdock-Sunburg,732.42,6482598,8850.93,46995,0.534671429
2704470,0777,01,0777-01,Benson Public School District,786.01,9265765,11788.36,58265,0.514814286
2705430,0786,01,0786-01,Bertha-Hewitt Public School District,491.95,5212284,10595.15,50045,0.595742857
2706300,0787,01,0787-01,Browerville Public School District,558.22,5562156,9964.09,50466,0.418114286
2707110,0801,01,0801-01,Browns Valley Public School District,159.99,1977668,12361.20,46919,0.3931
2742330,0803,01,0803-01,Wheaton Area Public School District,365.13,4836906,13247.08,55648,0.645514286
2741060,0811,01,0811-01,Wabasha-Kellogg Public School District,524.51,5959455,11361.95,51041,0.650828571
2717520,0813,01,0813-01,Lake City Public School District,1236.6,11664174,9432.46,53622,0.561157143
2716830,0815,02,0815-02,Prinsburg Public School District,1.43,569466,398227.97,0,
2740920,0818,01,0818-01,Verndale Public School District,568.13,5119398,9010.96,47743,0.527028571
2732970,0820,01,0820-01,Sebeka Public School District,500.1,5234401,10466.71,49787,0.611185714
2720580,0821,01,0821-01,Menahga Public School District,1038.58,8821009,8493.34,50737,0.575242857
2741880,0829,01,0829-01,Waseca Public School District,1852.86,20317439,10965.45,52667,0.5507
2712270,0831,01,0831-01,Forest Lake Public School District,6058.87,62582630,10329.09,60401,0.6082
2718750,0832,01,0832-01,Mahtomedi Public School District,3303.22,34246154,10367.51,71648,0.7815
2733810,0833,01,0833-01,South Washington County School District,18545.67,201538843,10867.16,65045,0.679471429
2738190,0834,01,0834-01,Stillwater Area Public School District,8433.24,94177645,11167.43,74714,0.680985714
2707320,0836,01,0836-01,Butterfield Public School District,205.52,2477941,12056.93,43950,0.301866667
2718570,0837,01,0837-01,Madelia Public School District,594.62,6380684,10730.69,50573,0.532528571
2733600,0840,01,0840-01,St. James Public School District,1030.52,10567249,10254.29,53349,0.5711
2706150,0846,01,0846-01,Breckenridge Public School District,634.76,7320207,11532.24,53013,0.550542857
2732460,0850,01,0850-01,Rothsay Public School District,291.52,3062816,10506.37,44260,0.593785714
2707450,0852,01,0852-01,Campbell-Tintah Public School District,130.12,1912706,14699.55,44117,0.547375
2718090,0857,01,0857-01,Lewiston-Altura Public School District,728.06,7214946,9909.82,55517,0.630528571
2733450,0858,01,0858-01,St. Charles Public School District,991.46,9596211,9678.87,60584,0.649857143
2744070,0861,01,0861-01,Winona Area Public School District,2778.21,36137814,13007.59,59991,0.488085714
2703150,0876,01,0876-01,Annandale Public School District,1953.52,18442424,9440.61,58699,0.666757143
2707200,0877,01,0877-01,Buffalo-Hanover-Montrose Public Schools,5801.21,59315590,10224.69,59740,0.651242857
2710170,0879,01,0879-01,Delano Public School District,2480.59,25589951,10316.07,58521,0.790085714
2718810,0881,01,0881-01,Maple Lake Public School District,841.82,8700047,10334.81,54901,0.589857143
2721390,0882,01,0882-01,Monticello Public School District,4140.32,50637193,12230.26,63521,0.669028571
2732070,0883,01,0883-01,Rockford Public School District,1637.45,16417041,10025.98,51817,0.679671429
2733790,0885,01,0885-01,St. Michael-Albertville School District,6421.12,55487672,8641.43,63036,0.761828571
2707470,0891,01,0891-01,Canby Public School District,567.36,5480820,9660.22,49350,0.668328571
2707410,0911,01,0911-01,Cambridge-Isanti Public School District,4962.52,49839951,10043.27,57624,0.621257143
2720670,0912,01,0912-01,Milaca Public School District,1756.12,18785271,10697.03,58809,0.583371429
2740810,0914,01,0914-01,Ulen-Hitterdal Public School District,304.11,3508939,11538.39,50946,0.537914286
2791445,2071,01,2071-01,Lake Crystal-Wellcome Memorial,935.54,8825009,9433.06,46735,0.624985714
2740665,2125,01,2125-01,Triton School District,1099.54,9955048,9053.83,52437,0.500985714
2700005,2134,01,2134-01,United South Central School District,702.56,8165950,11623.14,56002,0.607442857
2700006,2135,01,2135-01,Maple River School District,899.91,9650272,10723.60,53160,0.669857143
2700007,2137,01,2137-01,Kingsland Public School District,563.4,5282881,9376.79,52752,0.620528571
2700008,2142,01,2142-01,St. Louis County School District,1983.31,26947153,13586.96,56891,0.549757143
2700013,2143,01,2143-01,Waterville-Elysian-Morristown Public School District,777.49,9062443,11656.03,47497,0.6718
2700017,2144,01,2144-01,Chisago Lakes School District,3432.12,36444116,10618.54,61946,0.6555
2700019,2149,01,2149-01,Minnewaska School District,1247.56,15730276,12608.83,53712,0.614614286
2700021,2154,01,2154-01,Eveleth-Gilbert School District,889.15,11253169,12656.10,55147,0.607171429
2700022,2155,01,2155-01,Wadena-Deer Creek School District,1042.4,10328152,9908.05,50978,0.558785714
2700023,2159,01,2159-01,Buffalo Lake-Hector-Stewart Public Schools,505.7,6146990,12155.41,49671,0.643071429
2710260,2164,01,2164-01,Dilworth-Glyndon-Felton,1605.92,15210547,9471.55,56353,0.620057143
2714070,2165,01,2165-01,Hinckley-Finlayson School District,962.1,10070689,10467.40,53827,0.407828571
2700088,2167,01,2167-01,Lakeview School District,635.32,6536438,10288.42,52430,0.6471
2700089,2168,01,2168-01,NRHEG School District,878.31,8367463,9526.78,49535,0.580628571
2700090,2169,01,2169-01,Murray County Central School District,736.95,7907944,10730.64,50236,0.656242857
2733900,2170,01,2170-01,Staples-Motley School District,1125.59,12249256,10882.52,50933,0.4835
2791447,2171,01,2171-01,Kittson Central School District,232.02,3526781,15200.33,53431,0.704471429
2717100,2172,01,2172-01,Kenyon-Wanamingo School District,774.45,8775631,11331.44,52574,0.533314286
2728970,2174,01,2174-01,Pine River-Backus Public School District,904.8,8716103,9633.18,55275,0.5538
2700024,2176,01,2176-01,Warren-Alvarado-Oslo School District,479.1,5858244,12227.60,48114,0.538714286
2700091,2180,01,2180-01,MACCRAY School District,730.42,8313846,11382.28,48617,0.529328571
2718330,2184,01,2184-01,Luverne Public School District,1237.64,12521450,10117.20,47029,0.608528571
2700099,2190,01,2190-01,Yellow Medicine East,695.39,8244105,11855.37,55702,0.5358
2700100,2198,01,2198-01,Fillmore Central,615.88,7468828,12127.08,47839,0.600357143
2700101,2215,01,2215-01,Norman County East School District,261.37,3444826,13179.88,46385,0.529871429
2700102,2310,01,2310-01,Sibley East School District,1148.65,10930383,9515.85,53131,0.506314286
2700103,2311,01,2311-01,Clearbrook-Gonvick School District,460.15,4750279,10323.33,47905,0.5632
2700104,2342,01,2342-01,West Central Area,785.5,9139582,11635.37,51224,0.694728571
2791446,2358,01,2358-01,Tri-County School District,190.77,2637397,13825.01,51785,0.6637
2700105,2364,01,2364-01,Belgrade-Brooten-Elrosa Public School District,633.68,6728090,10617.49,53713,0.637742857
2712580,2365,01,2365-01,G.F.W.,713.67,8777787,12299.50,50468,0.6141
2700106,2396,01,2396-01,A.C.G.C. Public School District,826.81,8795990,10638.47,56812,0.565114286
2718070,2397,01,2397-01,Le Sueur-Henderson School District,1023.77,9878508,9649.15,50645,0.529657143
2718960,2448,01,2448-01,Martin County West School District,723.32,7859210,10865.47,54846,0.575257143
2791448,2527,01,2527-01,Norman County West School District,180.42,2898437,16064.94,49905,0.8846
2705660,2534,01,2534-01,Bird Island-Olivia-Lake Lillian Public School District,663.87,7736854,11654.17,46275,0.581585714
2713040,2536,01,2536-01,Granada-Huntley-East Chain,313.15,3726441,11899.86,46434,0.471428571
2711085,2580,01,2580-01,East Central School District,739.97,7746194,10468.25,52288,0.511885714
2791449,2609,01,2609-01,Win-E-Mac School District,475.29,5159404,10855.28,54754,0.661842857
2700107,2683,01,2683-01,Greenbush-Middle River School District,284.1,4458991,15695.15,58393,0.594642857
2700123,2687,01,2687-01,Howard Lake-Waverly-Winsted,1255.38,12322797,9815.99,52743,0.603914286
2700108,2689,01,2689-01,Pipestone Area School District,1150.65,12085558,10503.24,51796,0.554757143
2791450,2711,01,2711-01,Mesabi East School District,952.83,10784509,11318.40,58412,0.554257143
2700124,2752,01,2752-01,Fairmont Area School District,1719.05,17712923,10303.90,56229,0.5814
2700109,2753,01,2753-01,Long Prairie-Grey Eagle School District,955.64,8893097,9305.91,52155,0.383971429
2700110,2754,01,2754-01,Cedar Mountain School District,474.08,5382521,11353.61,47129,0.573057143
2700383,2769,01,2769-01,Morris Area Public Schools,1041.88,10437152,10017.61,55627,0.609228571
2745735,2805,01,2805-01,Zumbrota-Mazeppa School District,1204.73,12434013,10321.00,59326,0.660257143
2791451,2835,01,2835-01,Janesville-Waldorf-Pemberton,678.53,7661013,11290.60,47556,0.537428571
2700125,2853,01,2853-01,Lac qui Parle Valley School District,795.69,9193999,11554.75,56793,0.524842857
2700126,2854,01,2854-01,Ada-Borup Public School District,570.29,7613070,13349.47,53078,0.595242857
2700127,2856,01,2856-01,Stephen-Argyle Central Schools,293.09,4152162,14166.85,48302,0.620628571
2700128,2859,01,2859-01,Glencoe-Silver Lake School District,1598.73,16117925,10081.71,56767,0.600785714
2700130,2860,01,2860-01,Blue Earth Area Public Schools,1047.27,11378637,10865.05,57395,0.543414286
2700132,2884,01,2884-01,Red Rock Central School District,431.4,4532341,10506.12,47601,0.690242857
2700148,2886,01,2886-01,Glenville-Emmons School District,293.7,3556770,12110.21,44112,0.468757143
2700150,2888,01,2888-01,Clinton-Graceville-Beardsley,318.43,4013038,12602.58,41976,0.766585714
2700162,2889,01,2889-01,Lake Park Audubon School District,731.67,6608086,9031.51,43094,0.608028571
2700163,2890,01,2890-01,Renville County West School District,568.38,6651406,11702.39,53629,0.5488
2700231,2895,01,2895-01,Jackson County Central School District,1186.54,11970790,10088.82,60319,0.543171429
2700182,2897,01,2897-01,Redwood Area School District,1130.54,12237498,10824.47,48439,0.577514286
2700183,2898,01,2898-01,Westbrook-Walnut Grove Schools,362.63,4998047,13782.77,51941,0.548528571
2700287,2899,01,2899-01,Plainview-Elgin-Millville,1481.68,12679635,8557.61,52892,0.671542857
2700294,2902,01,2902-01,RTR Public Schools,585.41,7006903,11969.22,44257,0.606914286
2700328,2903,01,2903-01,Ortonville Public Schools,511.04,6046109,11830.99,51094,0.581571429
2700326,2904,01,2904-01,Tracy Area Public School District,708,7076085,9994.47,50919,0.656485714
2700379,2905,01,2905-01,Tri-City United School District,1859.45,18197086,9786.27,49987,0.572214286
2700385,2906,01,2906-01,Red Lake County Central Public Schools,388.89,4665530,11997.04,46992,0.575557143
2700388,2907,01,2907-01,Round Lake-Brewster Public Schools,386.85,2552386,6597.87,44687,0.4898
2700382,2908,01,2908-01,Brandon-Evansville Public Schools,480.76,4726135,9830.55,51657,0.622442857
