GEO_ID,NAME,S1901_C01_001E,S1901_C02_001E,S1901_C03_001E,S1901_C04_004E,S1901_C01_012E,S1901_C01_012M,S1901_C02_012E,S1901_C02_012M,S1901_C03_012E,S1901_C04_012E,S1901_C01_013E,S1901_C02_013E
id,Geographic Area Name,Estimate!!Households!!Total,Estimate!!Families!!Total,Estimate!!Married-couple families!!Total,"Estimate!!Nonfamily households!!Total!!$15,000 to $24,999",Estimate!!Households!!Median income (dollars),Margin of Error!!Households MOE!!Median income (dollars),Estimate!!Families!!Median income (dollars),Margin of Error!!Families MOE!!Median income (dollars),Estimate!!Married-couple families!!Median income (dollars),Estimate!!Nonfamily households!!Median income (dollars),Estimate!!Households!!Mean income (dollars),Estimate!!Families!!Mean income (dollars)
9700000US2700001,"Mountain Iron-Buhl School District, Minnesota",2110,1183,977,22.8,49091,5172,67969,10462,77802,28047,58044,70789
9700000US2700005,"United South Central School District, Minnesota",2445,1639,1270,20.7,52576,2799,65607,5502,73910,30221,63043,73820
9700000US2700006,"Maple River School District, Minnesota",2395,1750,1364,11.9,62217,2425,71628,4050,82000,33750,72572,80917
9700000US2700007,"Kingsland Public School District, Minnesota",2142,1447,1215,22.7,56705,4086,69665,4285,76741,31179,70836,85313
9700000US2700008,"St. Louis County School District, Minnesota",8042,5114,4316,18,54809,1660,67972,2486,74327,31992,66783,80243
9700000US2700013,"Waterville-Elysian-Morristown Public School District, Minnesota",2713,1864,1602,15.7,63040,5863,75381,4361,82500,37991,76495,90006
9700000US2700017,"Chisago Lakes School District, Minnesota",8213,6048,4947,17.1,84455,4059,97151,6040,108520,45667,95269,107543
9700000US2700019,"Minnewaska School District, Minnesota",4279,2741,2315,19.3,58327,3069,75785,4572,82426,32717,74199,91812
9700000US2700021,"Eveleth-Gilbert School District, Minnesota",3843,2354,1753,22.2,56021,3649,68423,4103,81723,33597,65351,79255
9700000US2700022,"Wadena-Deer Creek School District, Minnesota",3289,2104,1480,19.4,45704,3429,52244,5099,63594,26228,58909,66790
9700000US2700023,"Buffalo Lake-Hector-Stewart Public Schools, Minnesota",1688,1094,896,14.8,56983,5599,72917,5197,79524,35795,75857,92079
9700000US2700024,"Warren-Alvarado-Oslo School District, Minnesota",1569,1027,870,14.4,62011,3908,74014,2551,80100,31786,68734,81925
9700000US2700088,"Lakeview School District, Minnesota",1093,768,607,12.3,60331,7153,75208,8738,86319,35428,73976,84862
9700000US2700089,"NRHEG School District, Minnesota",2010,1337,1103,17.5,58902,3424,68917,2803,75547,34904,69486,81106
9700000US2700090,"Murray County Central School District, Minnesota",2121,1326,1129,16.4,55152,3101,74535,3953,83922,34046,68523,84275
9700000US2700091,"M.A.C.C.R.A.Y. School District, Minnesota",1806,1304,1131,19.5,62614,4911,74773,3848,80550,28587,70662,82302
9700000US2700099,"Yellow Medicine East, Minnesota",2800,1863,1437,17.8,56944,5103,70788,3484,81141,29494,70709,83880
9700000US2700100,"Fillmore Central, Minnesota",2053,1414,1198,17.1,58255,3563,73141,3816,79904,29529,71605,85358
9700000US2700101,"Norman County East School District, Minnesota",856,552,460,13.8,57679,3915,69038,5071,74167,30556,64467,76151
9700000US2700102,"Sibley East School District, Minnesota",3034,2057,1677,18.6,61742,2925,72067,5152,81034,31292,71585,82571
9700000US2700103,"Clearbrook-Gonvick School District, Minnesota",1112,684,572,9.1,47566,2314,65000,6200,73333,30789,63310,75502
9700000US2700104,"West Central Area, Minnesota",2181,1515,1256,14.1,57644,2249,66420,2070,72625,32700,72515,81455
9700000US2700105,"Belgrade-Brooten-Elrosa Public School District, Minnesota",1702,1168,985,18.7,54767,3813,67212,3652,72188,32315,73767,88242
9700000US2700106,"A.C.G.C. Public School District, Minnesota",2357,1583,1247,13.8,58309,2850,75439,8218,79391,37347,79258,92342
9700000US2700107,"Greenbush-Middle River School District, Minnesota",1079,733,599,16.2,53447,2665,67153,3448,69491,30556,63890,74996
9700000US2700108,"Pipestone Area School District, Minnesota",3182,1960,1636,24.7,50663,5363,64637,3606,72946,28500,66900,80589
9700000US2700109,"Long Prairie-Grey Eagle School District, Minnesota",3293,2137,1809,23.4,49617,5083,62871,4801,65693,27022,62093,73213
9700000US2700110,"Cedar Mountain School District, Minnesota",948,618,459,22.4,54512,4075,68167,6945,82083,31389,70342,82747
9700000US2700123,"Howard Lake-Waverly-Winsted, Minnesota",3513,2327,1935,17.4,65680,3789,80436,4321,86367,34509,79067,94689
9700000US2700124,"Fairmont Area School District, Minnesota",5494,3193,2447,19.4,50553,6046,69003,9489,86694,31503,68769,87795
9700000US2700125,"Lac Qui Parle Valley School District, Minnesota",2957,1773,1413,16,47912,2130,60469,2190,66913,30323,66094,80832
9700000US2700126,"Ada-Borup Public School District, Minnesota",1063,693,563,15.7,56406,3733,68068,5932,78250,30083,69371,84302
9700000US2700127,"Stephen-Argyle Central Schools, Minnesota",796,553,477,14.8,66774,5648,82902,3144,85417,30903,73947,87899
9700000US2700128,"Glencoe-Silver Lake School District, Minnesota",5051,3559,2824,21,61796,3962,72438,6567,81410,31857,72465,82195
9700000US2700130,"Blue Earth Area Public Schools, Minnesota",3502,2108,1744,19.4,51337,2140,67813,4948,76900,28659,69196,81737
9700000US2700132,"Red Rock Central School District, Minnesota",1377,923,792,18.7,55145,2841,66350,3882,71196,31304,68842,79808
9700000US2700148,"Glenville-Emmons School District, Minnesota",1071,800,669,17.3,54347,2501,59000,7677,65288,36146,86557,95737
9700000US2700150,"Clinton-Graceville-Beardsley, Minnesota",1010,671,558,21.8,53529,4503,73417,4912,78684,25288,69270,84051
9700000US2700162,"Lake Park Audubon School District, Minnesota",2092,1510,1259,16,66680,3021,76447,2986,82852,36296,82543,92400
9700000US2700163,"Renville County West School District, Minnesota",1702,1157,989,13.9,58721,3644,65991,4386,74931,38355,68657,78988
9700000US2700182,"Redwood Area School District, Minnesota",3280,2077,1557,12.7,51385,2624,61977,4761,78348,31840,64596,76647
9700000US2700183,"Westbrook-Walnut Grove Schools, Minnesota",1197,770,657,22.7,54236,4673,67500,3117,72422,28393,65836,80336
9700000US2700231,"Jackson County Central School District, Minnesota",3311,2079,1755,17.1,55702,3991,71875,7812,84866,35221,77269,96585
9700000US2700287,"Plainview-Elgin-Millville, Minnesota",3060,2225,1825,17.4,72169,3217,81729,4100,88479,34308,86698,93331
9700000US2700294,"RTR Public Schools, Minnesota",1445,1019,845,18.8,59226,5818,67804,3030,75529,28611,71247,81386
9700000US2700326,"Tracy Area Public School District, Minnesota",2195,1435,1174,18,55949,3636,70131,3081,73750,30089,68338,80753
9700000US2700328,"Ortonville Public Schools, Minnesota",1582,987,847,22.9,51321,3400,65536,5326,73309,26790,66629,81162
9700000US2700379,"Tri-City United School District, Minnesota",4765,3135,2526,12,66409,3464,84462,4366,93295,41833,75974,89152
9700000US2700382,"Brandon-Evansville Public Schools, Minnesota",1427,1009,885,11.2,63897,6400,76360,3047,79241,31625,74923,86714
9700000US2700383,"Morris Area Public Schools, Minnesota",3022,1693,1501,13.6,57593,5862,83162,8420,88785,31549,77790,102736
9700000US2700385,"Red Lake County Central Public Schools, Minnesota",820,580,490,17.5,57159,5152,71346,9115,82500,31875,73254,83128
9700000US2702640,"Lester Prairie Public School District, Minnesota",1125,803,662,17.4,62591,3664,73839,7626,85714,34444,75955,85877
9700000US2702720,"Southland Public School District, Minnesota",1325,964,845,18.3,67688,4172,81111,3578,85563,27120,79082,93907
9700000US2702730,"Adrian Public School District, Minnesota",892,593,513,32.1,59118,5514,73188,4903,77721,24526,78195,89571
9700000US2702760,"Aitkin Public School District, Minnesota",4615,3034,2492,19.5,46644,2980,56199,2796,63783,25188,58143,67915
9700000US2702910,"Walker-Hackensack-Akeley School District, Minnesota",3430,2214,1724,24.9,49932,2359,61395,3080,71364,27700,67552,78521
9700000US2702930,"Albany Public School District, Minnesota",3484,2501,2147,14,73988,4575,84307,1537,90149,36250,83446,94352
9700000US2702970,"Albert Lea Public School District, Minnesota",9970,6299,4694,17.7,49318,1995,60466,3455,72642,31828,61464,72521
9700000US2703030,"Alden-Conger Public School District, Minnesota",570,412,340,27.8,62353,4101,78214,6793,81786,28333,74744,86173
9700000US2703060,"Alexandria Public School District, Minnesota",13477,8664,7480,22.8,61097,3459,78732,4153,87062,33712,81513,98383
9700000US2703150,"Annandale Public School District, Minnesota",4335,2961,2703,17.2,67378,4472,83053,5663,86336,34593,87516,103989
9700000US2703180,"Anoka-Hennepin Public School District, Minnesota",85759,62939,49907,12.6,82438,1426,94373,1449,104406,48700,97854,109953
9700000US2703300,"Ashby Public School District, Minnesota",601,449,394,12.5,60144,3447,70694,8377,74286,41250,71444,79935
9700000US2703450,"Austin Public School District, Minnesota",11246,7114,5316,28.2,48529,2749,66228,3554,78277,24973,69836,85125
9700000US2703540,"Badger Public School District, Minnesota",482,323,238,10.7,53636,5333,58625,7284,64853,31354,57998,65069
9700000US2703570,"Bagley Public School District, Minnesota",2384,1570,1233,20.6,45381,2654,59313,3476,68209,25900,63253,73562
9700000US2703660,"Barnesville Public School District, Minnesota",1772,1246,1044,14.8,79125,6580,89350,3127,93375,36848,83755,93908
9700000US2703690,"Barnum Public School District, Minnesota",1547,1118,928,20.7,63866,3605,71964,3957,79125,40341,73209,81408
9700000US2703750,"Battle Lake Public School District, Minnesota",1743,1245,1101,16.3,57406,3839,68566,2950,74375,32083,77506,89402
9700000US2703870,"Becker Public School District, Minnesota",4094,3204,2742,12.8,89371,3277,95658,10671,108277,54583,98794,104521
9700000US2704050,"Belle Plaine Public School District, Minnesota",3090,2491,1951,1.8,85096,8389,89707,9762,101078,50438,88739,94833
9700000US2704440,"Bemidji Public School District, Minnesota",15087,9346,6932,17.1,51640,2436,68244,4752,83806,30169,68106,83564
9700000US2704470,"Benson Public School District, Minnesota",2377,1483,1200,29.5,50174,6249,71620,6632,83125,24797,69588,89771
9700000US2705430,"Bertha-Hewitt Public School District, Minnesota",1377,911,752,24.5,44181,4298,57457,4164,60893,22813,57466,68015
9700000US2705460,"Big Lake Public School District, Minnesota",6067,4976,4089,8.3,89782,6782,97888,6276,103715,50938,102840,109061
9700000US2705660,"Bird Island-Olivia-Lake Lillian, Minnesota",2096,1318,1146,20.1,61172,4215,79659,5254,86132,30741,78896,99770
9700000US2705730,"Blackduck Public School District, Minnesota",1513,1089,892,14.6,48125,3487,56758,3976,64224,29091,59127,67882
9700000US2705760,"Blooming Prairie Public School District, Minnesota",1605,1136,903,18.8,64831,5735,75135,3738,82917,37440,77067,87795
9700000US2705790,"Bloomington Public School District, Minnesota",35807,21576,16536,13.2,72127,1670,91561,3764,102281,47564,93313,112441
9700000US2706060,"Braham Public School District, Minnesota",2386,1581,1147,13.3,56893,2959,67173,4234,77411,32679,66614,74636
9700000US2706090,"Brainerd Public School District, Minnesota",17835,11557,9032,21.7,55821,2140,69126,3346,79118,28097,72482,87889
9700000US2706150,"Breckenridge Public School District, Minnesota",2178,1326,1026,17.7,50814,7628,67917,11089,81563,25833,70761,84689
9700000US2706240,"Brooklyn Center School District, Minnesota",3208,1978,1083,15.4,46815,7895,55000,12285,63156,38013,61996,67236
9700000US2706300,"Browerville Public School District, Minnesota",1542,1077,915,19.1,53404,2964,63523,4177,66976,24327,63322,74796
9700000US2707200,"Buffalo-Hanover-Montrose Public Schools, Minnesota",11928,8918,7437,12.4,81657,2897,95353,4411,102764,40897,103428,114146
9700000US2707290,"Burnsville Public School District, Minnesota",26956,17844,13177,11.8,74969,2362,90101,2871,105386,48051,88462,101631
9700000US2707320,"Butterfield Public School District, Minnesota",403,272,246,8.4,53250,8863,66000,8498,70556,39063,69458,80343
9700000US2707350,"Byron Public School District, Minnesota",3104,2460,2037,15.2,88056,5504,101628,7148,112661,42179,107967,119137
9700000US2707380,"Caledonia Public School District, Minnesota",2578,1587,1335,19.4,57775,5850,73388,5253,80298,35893,67657,82724
9700000US2707410,"Cambridge-Isanti Public School District, Minnesota",11074,7733,5927,12.2,73288,2357,82203,3976,93142,40340,84339,96078
9700000US2707450,"Campbell-Tintah Public School District, Minnesota",229,174,136,23.6,60469,6479,68125,19718,76875,34750,77041,83370
9700000US2707470,"Canby Public School District, Minnesota",1433,925,792,15.2,54132,4107,69196,6927,74457,31500,64594,78062
9700000US2707500,"Cannon Falls Public School District, Minnesota",3169,2192,1880,18.9,72946,3328,91278,6536,101852,33546,88687,105740
9700000US2707590,"Carlton Public School District, Minnesota",1773,1172,962,14.3,58935,6153,77348,8266,86983,29728,85522,103245
9700000US2708070,"Cass Lake-Bena Public Schools, Minnesota",1628,1108,549,17.9,40507,2318,43355,2572,68125,19375,53166,60856
9700000US2708100,"Centennial Public School District, Minnesota",11074,8682,7050,10.5,96006,3549,106505,3495,117428,54310,111754,122424
9700000US2708190,"Eastern Carver County Public Schools, Minnesota",21031,15518,13395,11,101661,4556,124284,4193,136728,47252,130891,153782
9700000US2708220,"Chatfield Public Schools, Minnesota",2043,1401,1215,15.7,73407,4288,98819,5645,103434,36250,87448,108336
9700000US2708880,"Franconia Public School District, Minnesota",94,76,60,27.8,94500,21079,101250,29306,116250,-,118845,131518
9700000US2708910,"Chisholm Public School District, Minnesota",2470,1332,1019,23.1,43796,6000,66696,7239,72669,24304,54475,68431
9700000US2708940,"Chokio-Alberta Public School District, Minnesota",466,364,318,12.7,56667,7998,67500,10535,71875,32000,71443,76903
9700000US2709330,"Cleveland Public School District, Minnesota",994,740,636,21.3,80156,3877,89167,9295,101667,37750,100652,111007
9700000US2709360,"Climax-Shelly Public Schools, Minnesota",333,221,182,17,54688,8094,63750,19804,75625,37500,64096,73162
9700000US2709420,"Cloquet Public School District, Minnesota",5551,3691,2591,18.2,54141,4793,64706,5470,80665,31357,66083,76384
9700000US2709440,"ROCORI Public School District, Minnesota",5164,3870,3167,16.9,70772,4309,78678,4005,84615,40697,83019,91475
9700000US2709480,"Greenway Public School District, Minnesota",3556,2472,1913,20.3,52685,4420,62300,4063,72841,33032,64402,72663
9700000US2709510,"Columbia Heights Public School District, Minnesota",10497,5873,3859,18.9,54132,2026,64273,4199,73714,39142,66951,77620
9700000US2709540,"Comfrey Public School District, Minnesota",406,274,229,20.5,58214,9037,72500,12687,72708,27500,71432,84830
9700000US2709690,"Cromwell-Wright Public Schools, Minnesota",809,533,452,5.4,56850,6592,72847,6916,81875,37083,69258,80859
9700000US2709720,"Crookston Public School District, Minnesota",3637,2310,1741,19.5,55460,5051,76636,10739,88750,28993,70772,87610
9700000US2709750,"Crosby-Ironton Public School District, Minnesota",4738,3131,2578,20.6,51298,2876,63350,3333,71754,29775,70382,81133
9700000US2710060,"Dassel-Cokato Public School District, Minnesota",3545,2520,2083,21.1,64265,2286,77946,3232,83906,33520,77276,89531
9700000US2710090,"Dawson-Boyd Public School District, Minnesota",1268,895,759,20.6,53375,3451,69934,7959,79750,25804,68625,81041
9700000US2710140,"Deer River Public School District, Minnesota",2207,1501,1229,21.1,47563,5372,58011,4588,64350,27340,59867,67989
9700000US2710170,"Delano Public School District, Minnesota",4228,3367,2821,13.8,95985,10528,109677,11571,120692,37303,118009,135068
9700000US2710230,"Detroit Lakes Public School District, Minnesota",7316,4665,3695,18.8,59040,3423,74346,4548,85400,30300,74643,91844
9700000US2710260,"Dilworth-Glyndon-Felton, Minnesota",2254,1539,1297,16.2,66000,6438,85245,4936,93472,29099,82739,103037
9700000US2711010,"Dover-Eyota Public School District, Minnesota",1558,1175,989,14.1,78106,4833,88894,5510,96917,39464,93688,107458
9700000US2711040,"Duluth Public School District, Minnesota",38914,20644,15483,18.3,51913,1515,74279,2338,85849,31499,71561,95112
9700000US2711085,"East Central School District, Minnesota",2126,1321,997,18.9,42910,2591,54063,4961,62321,26550,56021,65796
9700000US2711130,"East Grand Forks Public School District, Minnesota",4056,2412,1946,18.5,63804,7049,86808,4417,91897,23397,72410,93855
9700000US2711190,"Eden Valley-Watkins School District, Minnesota",1912,1258,1042,19.4,61319,4543,76453,3483,83190,32500,69421,83236
9700000US2711220,"Edgerton Public School District, Minnesota",945,656,588,17.3,57386,6312,70833,5827,72619,27070,75207,89541
9700000US2711250,"Edina Public School District, Minnesota",16552,11607,10097,14.7,119294,6628,156464,7562,173895,49081,191355,236875
9700000US2711370,"Elk River Public School District, Minnesota",24762,19598,16119,7.4,97326,4921,106166,3711,114408,54753,108686,116254
9700000US2711460,"Ellsworth Public School District, Minnesota",398,262,222,16.9,52500,7793,62917,9737,68750,28333,69402,86879
9700000US2711520,"Ely Public School District, Minnesota",2449,1347,1179,17.7,48045,4617,67974,5586,73487,32326,63471,84903
9700000US2711670,"Minnetonka Public School District, Minnesota",15651,11822,10454,10.7,117906,2597,140536,4929,153323,54563,166818,191644
9700000US2711760,"Faribault Public School District, Minnesota",11447,7559,5777,14.2,60652,2570,73578,3745,82694,31687,72608,86906
9700000US2711820,"Farmington Public School District, Minnesota",12172,9071,7599,7.5,93611,3226,105564,6624,119099,54641,106894,119086
9700000US2711880,"Fergus Falls Public School District, Minnesota",8431,5175,4348,23.1,54284,5512,75139,6556,83190,27184,69396,89122
9700000US2711910,"Fertile-Beltrami School District, Minnesota",1213,799,683,17.6,60863,3774,74653,5322,79779,31875,71836,85022
9700000US2712180,"Fisher Public School District, Minnesota",327,220,184,12.1,68750,6514,91250,17923,97143,41563,84140,98497
9700000US2712210,"Floodwood Public School District, Minnesota",672,393,319,17.6,43333,2784,54531,8702,63917,29135,54286,65563
9700000US2712240,"Foley Public School District, Minnesota",3397,2576,2135,17.7,71617,3141,78990,3240,83679,35625,80550,87886
9700000US2712270,"Forest Lake Public School District, Minnesota",17786,13566,10904,16.1,85410,3039,98570,3462,109348,42701,99147,111439
9700000US2712300,"Fosston Public School District, Minnesota",1602,964,790,23.4,48917,3960,67895,6694,76250,22635,61160,78919
9700000US2712360,"Frazee-Vergas Public School District, Minnesota",2451,1764,1495,15,60299,2699,69559,3883,73826,33177,68136,77283
9700000US2712420,"Fridley Public School District, Minnesota",6070,3844,2687,14.6,58097,4585,70085,5919,82679,41696,72043,81621
9700000US2712480,"Fulda Public School District, Minnesota",1031,669,566,18,60048,7702,78750,5211,81768,31023,71635,88248
9700000US2712580,"G.F.W. Schools, Minnesota",2449,1597,1346,18.4,56806,2802,68860,3248,76087,33971,73123,84793
9700000US2712900,"Goodhue Public School District, Minnesota",1159,879,749,23.2,78472,6418,89531,3528,93092,35357,93134,105885
9700000US2713020,"Goodridge Public School District, Minnesota",346,229,189,17.1,57500,10043,71875,7507,77292,37266,73593,87367
9700000US2713040,"Granada-Huntley-East Chain, Minnesota",710,519,476,15.2,68214,4530,80268,4806,82500,41688,85906,97918
9700000US2713110,"Cook County Public Schools, Minnesota",2699,1717,1425,12.5,52271,3328,64658,3224,72118,32339,67969,80671
9700000US2713140,"Grand Meadow Public School District, Minnesota",716,498,398,22,70357,9550,79861,6240,91167,28750,79777,94166
9700000US2713170,"Grand Rapids Public School District, Minnesota",11949,7581,6437,22.6,53716,2193,68793,3230,74642,25494,68352,82577
9700000US2713380,"Hancock Public School District, Minnesota",469,334,299,17,60865,6104,71071,17420,80781,53092,115057,136027
9700000US2713530,"Hastings Public School District, Minnesota",12512,8599,7046,17.1,76385,2845,92884,4059,103864,44379,91714,107376
9700000US2713560,"Hawley Public School District, Minnesota",1668,1210,1029,16.4,77865,5004,97222,15451,108023,36023,90340,105403
9700000US2713590,"Hayfield Public School District, Minnesota",1903,1311,1061,15.7,64840,4071,77393,3961,87083,36833,76273,87469
9700000US2713680,"Hendricks Public School District, Minnesota",490,282,225,21.2,48833,5084,58125,6858,61696,25000,55153,68047
9700000US2713860,"Henning Public School District, Minnesota",1275,865,770,18.8,52578,3279,63047,4682,67400,31346,64164,76210
9700000US2713890,"Herman-Norcross School District, Minnesota",422,295,251,8.7,48643,2306,63583,12279,70893,28229,80997,103087
9700000US2713920,"Hermantown Public School District, Minnesota",4582,3009,2647,22.5,70758,4271,94656,8216,102129,31418,94268,120234
9700000US2713930,"Heron Lake-Okabena School District, Minnesota",686,453,363,29.2,60000,8533,74044,4319,79438,35313,72120,85762
9700000US2713980,"Hibbing Public School District, Minnesota",7333,4570,3294,28.2,47213,3443,63457,5613,75556,25414,60790,74548
9700000US2714010,"Hill City Public School District, Minnesota",742,459,358,24.4,41912,5163,60625,7953,68750,25096,52752,66157
9700000US2714040,"Hills-Beaver Creek School District, Minnesota",886,643,577,22.6,64896,5176,71719,8894,76827,30625,79164,89701
9700000US2714070,"Hinckley-Finlayson School District, Minnesota",2781,1768,1361,18.8,45951,2661,54250,4118,64390,27464,57849,67993
9700000US2714190,"Holdingford Public School District, Minnesota",1854,1362,1191,28.5,71535,2574,82931,5237,88598,30658,89258,106069
9700000US2714220,"Eden Prairie Public School District, Minnesota",23302,16638,14291,9,106103,2707,130107,3946,141988,61813,145353,167841
9700000US2714260,"Hopkins Public School District, Minnesota",30425,15494,12488,13.2,71796,2200,106816,4457,122191,48688,107764,143077
9700000US2714280,"Houston Public School District, Minnesota",1210,800,679,19.5,62212,4279,74706,5422,81736,37500,71226,82301
9700000US2714970,"Hutchinson Public School District, Minnesota",7795,4800,3826,13.3,61197,3676,79785,3682,89450,41819,80423,100574
9700000US2715000,"International Falls School District, Minnesota",4187,2524,1864,18.2,47418,5530,66742,6351,76292,27841,65754,84540
9700000US2715030,"Inver Grove Heights Schools, Minnesota",12262,7518,5543,11,70076,4019,85486,6537,101094,46366,94709,115358
9700000US2715510,"Isle Public School District, Minnesota",1445,922,727,24.9,45281,4627,57167,2958,62723,23438,58693,70313
9700000US2715750,"Jordan Public School District, Minnesota",3331,2412,1912,9,74230,6979,93013,10587,108500,40146,91467,108362
9700000US2716830,"Prinsburg Public School District, Minnesota",311,247,235,14.1,62679,10493,70855,5228,71645,35000,85068,88958
9700000US2716980,"Kasson-Mantorville School District, Minnesota",3767,2908,2410,15.4,78854,4387,93357,7337,102031,40542,92290,103065
9700000US2717010,"Kelliher Public School District, Minnesota",417,277,236,14.3,43542,7186,53854,8064,58929,33281,59335,69050
9700000US2717100,"Kenyon-Wanamingo School District, Minnesota",2290,1586,1296,14.8,68889,2923,81061,4868,86212,38500,78770,90093
9700000US2717120,"Kerkhoven-Murdock-Sunburg, Minnesota",1105,752,620,13,54309,3729,67833,4130,77308,37679,70484,82369
9700000US2717220,"Kimball Public School District, Minnesota",1776,1334,1160,11.3,72875,4406,84167,4498,87061,49773,86358,95939
9700000US2717250,"La Crescent-Hokah School District, Minnesota",3639,2492,2097,14.4,63385,4525,80726,11573,92923,35604,82570,97894
9700000US2717520,"Lake City Public School District, Minnesota",3827,2522,2157,15.9,63472,3537,79179,4995,87875,34088,79411,96106
9700000US2717570,"Lake of the Woods School District, Minnesota",1414,922,754,23.6,49521,6154,67014,10798,76471,30682,60280,71221
9700000US2717780,"Lakeville Public School District, Minnesota",19806,15492,13338,9.9,107695,2937,125930,3285,135711,53635,129534,145966
9700000US2717880,"Lancaster Public School District, Minnesota",303,226,208,14.3,58646,6500,72500,11817,73438,33403,64987,74847
9700000US2717910,"Lanesboro Public School District, Minnesota",649,464,427,28.1,58516,5189,73971,4822,75104,24886,69023,81654
9700000US2717940,"Laporte Public School District, Minnesota",709,513,401,25,55536,4072,59934,5376,64219,35417,72708,79897
9700000US2718060,"LeRoy-Ostrander Public Schools, Minnesota",843,513,424,20,55335,3576,70893,4443,78500,31250,68962,80204
9700000US2718070,"Le Sueur-Henderson School District, Minnesota",2929,1996,1629,15.1,64745,3211,74524,6652,85347,40110,76731,87613
9700000US2718090,"Lewiston-Altura Public School District, Minnesota",1498,1164,1018,21.9,69122,4397,81364,6562,85313,30132,88283,102341
9700000US2718210,"Litchfield Public School District, Minnesota",4692,3103,2516,17.7,61330,2401,73955,4321,82995,30747,80733,92948
9700000US2718240,"Little Falls Public School District, Minnesota",7210,4690,3758,26.5,51282,2210,69596,3764,74494,22721,68353,83382
9700000US2718270,"Littlefork-Big Falls School District, Minnesota",724,439,374,17.2,50000,12523,62750,5988,71786,21827,57590,71585
9700000US2718330,"Luverne Public School District, Minnesota",2890,1969,1642,24.9,58042,3888,66982,4743,75804,24904,73469,83249
9700000US2718360,"Lyle Public School District, Minnesota",434,291,224,20.3,49318,11542,63068,5817,67125,30893,62084,71088
9700000US2718540,"Mabel-Canton Public School District, Minnesota",943,648,543,19,56146,6348,69250,5544,72802,25813,64392,77897
9700000US2718570,"Madelia Public School District, Minnesota",1385,929,692,24.6,53550,7948,72366,5373,81923,32315,75339,89796
9700000US2718660,"Mahnomen Public School District, Minnesota",1339,829,513,19.6,41895,1336,53317,3537,74583,26379,55937,66579
9700000US2718750,"Mahtomedi Public School District, Minnesota",5575,4081,3423,17.5,106875,6073,133246,8478,146424,49107,153069,180301
9700000US2718780,"Mankato Public School District, Minnesota",26017,14692,10954,16.6,54846,2357,79275,3318,93211,33227,74033,95430
9700000US2718810,"Maple Lake Public School District, Minnesota",1866,1384,1200,20.3,72137,4630,87391,8130,93103,31944,89544,97473
9700000US2718920,"Grygla Public School District, Minnesota",393,271,224,17.2,55125,4424,65341,7022,66000,32500,65797,75343
9700000US2718940,"Marshall Public School District, Minnesota",5950,3700,2807,19,52000,4132,75048,6330,93678,27990,77474,99103
9700000US2718960,"Martin County West School District, Minnesota",1808,1219,988,11.4,55662,3528,68512,4104,76875,33693,73672,87963
9700000US2719170,"McGregor Public School District, Minnesota",2067,1323,1096,21.1,47569,2487,55250,4509,61979,29722,60248,67531
9700000US2719320,"Medford Public School District, Minnesota",1097,863,694,14.1,73650,5265,79922,7424,91310,42167,82560,87755
9700000US2720550,"Melrose Public School District, Minnesota",3452,2469,2151,19.1,64178,3504,75758,3688,82792,30313,77020,88448
9700000US2720580,"Menahga Public School District, Minnesota",1421,877,748,15.8,49673,3482,62863,2887,66071,30000,59668,73488
9700000US2720670,"Milaca Public School District, Minnesota",4478,3142,2556,20,58833,2085,66548,4884,77250,35109,69578,79671
9700000US2721240,"Minneapolis Public School District, Minnesota",173873,77808,54025,11.2,59005,1085,82593,1690,108545,43382,85894,113185
9700000US2721270,"Minneota Public School District, Minnesota",1047,730,645,15.8,65972,3675,76000,6581,81382,40446,76141,89422
9700000US2721320,"Montevideo Public School District, Minnesota",3190,1945,1484,18.6,51147,5587,69395,6918,80208,34697,71915,85066
9700000US2721390,"Monticello Public School District, Minnesota",7647,5575,4452,18.6,73462,3968,85221,6212,95116,40265,88586,99614
9700000US2721420,"Moorhead Public School District, Minnesota",17517,10786,8653,17.1,62464,3150,79839,4587,91001,31032,74038,92239
9700000US2721450,"Moose Lake Public School District, Minnesota",1853,1145,935,18.1,55563,4511,72745,5556,75990,28690,66335,81357
9700000US2721480,"Mora Public School District, Minnesota",4292,2868,2240,16.2,52372,2627,62543,4636,70690,29672,65881,76541
9700000US2722920,"Westonka Public School District, Minnesota",8270,5464,4766,9.8,100602,9980,128043,9441,140000,47985,155754,199927
9700000US2722950,"Mounds View Public School District, Minnesota",30657,20054,16215,13.9,80215,2459,103338,2877,114966,43295,108384,133972
9700000US2723010,"Mountain Lake Public Schools, Minnesota",1272,843,608,18.9,52589,5134,56365,3052,63977,35329,58181,65843
9700000US2723310,"Nashwauk-Keewatin School District, Minnesota",1712,1118,902,24.6,54010,3338,64000,6386,71518,29911,64630,75287
9700000US2723370,"Nevis Public School District, Minnesota",1120,865,784,18,56379,4301,68580,3737,70167,31518,69404,78442
9700000US2723400,"New London-Spicer School District, Minnesota",3802,2817,2493,17.1,69094,4625,86404,4359,90554,34630,92918,108847
9700000US2723430,"New Prague Area Schools, Minnesota",6880,5363,4781,17,99034,5400,113275,5374,121274,39836,108910,123911
9700000US2723490,"New Ulm Public School District, Minnesota",8074,5228,4343,19.6,62315,3453,78574,2989,84916,34277,76090,90781
9700000US2723520,"New York Mills Public School District, Minnesota",1399,1002,797,17.9,56435,4898,66607,3746,71680,31528,64632,74816
9700000US2723550,"Marshall County Central Schools, Minnesota",822,557,476,18.5,61563,6286,78068,7827,85625,36083,76377,88299
9700000US2723580,"Nicollet Public School District, Minnesota",979,717,638,8.8,74659,8029,84583,9397,88750,40556,86953,98144
9700000US2723820,"North Branch Public Schools, Minnesota",7529,5474,4663,14.9,79170,4080,90575,3844,97718,50371,89988,100578
9700000US2723850,"North St. Paul-Maplewood-Oakdale School District, Minnesota",31358,19992,14680,16.3,69368,2509,92283,2667,106547,41335,86826,104035
9700000US2723880,"Northfield Public School District, Minnesota",9342,6344,5435,16,73918,3469,92030,4530,99463,39462,93887,112038
9700000US2723910,"Central Public School District, Minnesota",3155,2355,2031,14.9,79551,3956,90922,5233,94688,42639,90275,102552
9700000US2723970,"Ogilvie Public School District, Minnesota",1402,1001,868,12.7,59297,3192,68698,5931,75000,37337,68321,75853
9700000US2725050,"Onamia Public School District, Minnesota",2215,1353,979,16.8,44358,3966,56599,2395,65040,29524,58714,67017
9700000US2725080,"Orono Public School District, Minnesota",4825,3414,2897,8,113341,14410,148750,21762,185446,49598,201130,251532
9700000US2725140,"Osakis Public School District, Minnesota",1622,1112,934,18.4,54559,2314,63833,6621,67286,33971,68482,76840
9700000US2725200,"Osseo Public School District, Minnesota",54291,38295,29107,10.2,83984,1586,98590,3931,114362,49528,104170,118990
9700000US2728050,"Owatonna Public School District, Minnesota",11841,7692,6406,15.6,62342,2526,81022,3263,88652,36030,76514,93527
9700000US2728080,"Park Rapids Public School District, Minnesota",5218,3593,2938,25.2,53944,2749,64003,3099,72069,28630,67508,78610
9700000US2728110,"Parkers Prairie Public School District, Minnesota",1124,797,693,23.5,59044,3102,69219,3394,72679,33958,65768,75212
9700000US2728140,"Paynesville Public School District, Minnesota",2542,1698,1412,14.8,60821,3050,70056,2904,79524,36667,75981,87261
9700000US2728170,"Pelican Rapids Public School District, Minnesota",2869,2164,1874,12.3,63799,2885,71909,3664,78750,34432,85120,95859
9700000US2728200,"Pequot Lakes Public Schools, Minnesota",4275,2934,2610,22.4,56519,3183,71571,3138,75724,32557,80483,96152
9700000US2728230,"Perham-Dent Public School District, Minnesota",4745,3127,2694,13.6,58450,3794,72726,4702,77118,38041,74615,88570
9700000US2728290,"Rushford-Peterson Public Schools, Minnesota",1610,1169,983,15.6,58448,3782,70179,6754,78229,32417,70824,79627
9700000US2728320,"Pierz Public School District, Minnesota",2039,1481,1188,21.3,58750,3016,66507,3782,72317,29375,73984,83391
9700000US2728350,"Pillager Public School District, Minnesota",2226,1626,1451,17.2,65490,4279,73939,4872,77644,36667,83391,96691
9700000US2728380,"Pine City Public School District, Minnesota",4066,2539,2003,16.7,52857,3561,64970,4739,72042,26807,68529,82362
9700000US2728950,"Pine Island Public School District, Minnesota",2486,1842,1491,6.2,75500,7720,91118,8443,103814,40806,90747,104253
9700000US2728970,"Pine River-Backus Public School District, Minnesota",3312,2183,1820,21.5,47398,1667,55689,3129,63795,26897,59239,68644
9700000US2730030,"Princeton Public School District, Minnesota",7419,5498,4342,20.2,70664,4206,79701,3415,90991,36621,82461,89234
9700000US2730060,"Prior Lake-Savage Area Schools, Minnesota",15880,12296,10701,12.1,108621,4248,121505,3076,129245,53548,127608,140884
9700000US2730090,"Proctor Public School District, Minnesota",5281,3438,3031,15.4,66959,5286,82523,5812,85707,39880,79523,92736
9700000US2730150,"Randolph Public School District, Minnesota",879,664,618,6.5,89554,5723,101250,10218,106081,55750,98102,107861
9700000US2730450,"Red Lake Falls Public School District, Minnesota",951,630,520,15,57708,7969,78864,1948,85455,26938,68101,84563
9700000US2730480,"Red Wing Public School District, Minnesota",8262,5218,4065,14.7,58343,5032,74982,7476,87737,29094,74976,91689
9700000US2730510,"Red Lake Public School District, Minnesota",1457,1099,250,15.4,35919,3062,35638,3546,67273,16923,42200,41622
9700000US2730870,"Northland Community Schools, Minnesota",2259,1445,1189,16.8,44496,3514,55847,3207,62902,28000,58523,68176
9700000US2731750,"Richfield Public School District, Minnesota",18310,9258,7136,12,61358,2876,81201,4774,91504,42019,78512,94658
9700000US2731780,"Robbinsdale Public School District, Minnesota",42369,25603,19053,15.1,66557,1958,86465,3516,103101,40929,87478,106063
9700000US2731800,"Rochester Public School District, Minnesota",50929,32847,26518,13.3,73618,2178,94731,2157,107976,41551,99522,123005
9700000US2732070,"Rockford Public School District, Minnesota",3497,2634,2316,9.7,86518,6575,100149,8761,106100,42216,112941,129671
9700000US2732250,"Roseau Public School District, Minnesota",2638,1747,1494,17.6,62308,3017,78527,4117,83482,33224,75882,90844
9700000US2732390,"Rosemount-Apple Valley-Eagan, Minnesota",56584,41676,33707,10.3,94036,2384,110491,2186,126056,51493,116128,133300
9700000US2732430,"Roseville Public School District, Minnesota",24402,13916,10532,13.3,64846,2386,86236,3199,100138,41846,85027,106419
9700000US2732460,"Rothsay Public School District, Minnesota",464,344,303,15,60000,8587,67188,9248,69432,29500,66163,75845
9700000US2732520,"Royalton Public School District, Minnesota",1471,1032,852,7.1,63724,3107,71923,8083,80417,36045,75545,85619
9700000US2732550,"Rush City Public School District, Minnesota",2175,1459,1180,13.7,65905,6599,74693,6047,84375,32917,75462,86713
9700000US2732700,"South Koochiching School District, Minnesota",564,362,319,23.8,46750,7550,57262,3633,59926,25556,58923,69770
9700000US2732820,"Sartell-St. Stephen School District, Minnesota",6922,5061,4245,13.8,82194,4991,99011,5947,110138,46520,105372,119699
9700000US2732850,"Sauk Centre Public School District, Minnesota",3028,2030,1738,16.4,60048,3231,70486,5903,75000,39659,75256,87877
9700000US2732880,"Sauk Rapids-Rice Public Schools, Minnesota",9667,6391,4818,14.5,57732,3349,70412,5790,83036,33768,72119,83275
9700000US2732970,"Sebeka Public School District, Minnesota",1166,801,636,24.1,51583,4554,56948,2657,65208,27109,59340,65137
9700000US2733000,"Shakopee Public School District, Minnesota",15003,11145,8751,11.8,84905,4234,101434,6725,115625,49099,105214,118856
9700000US2733210,"Sleepy Eye Public School District, Minnesota",2251,1559,1311,21.4,58524,5613,70842,5391,74926,27917,68470,81866
9700000US2733270,"South St. Paul Public School District, Minnesota",7959,5025,3421,14.1,61228,3021,69586,5416,85031,40134,69656,79151
9700000US2733300,"Spring Grove School District, Minnesota",950,593,488,26.1,51125,4769,64097,4846,68095,22340,60140,73713
9700000US2733330,"Spring Lake Park Public Schools, Minnesota",12392,8215,6141,13.2,70404,3859,89443,5016,103851,39992,96945,115668
9700000US2733390,"Springfield Public School District, Minnesota",1330,846,683,17.8,54421,1896,66500,7836,77009,29571,62816,76780
9700000US2733420,"St. Anthony-New Brighton Schools, Minnesota",4830,2733,2143,13.3,70143,5393,92385,6409,109738,44953,91080,109568
9700000US2733450,"St. Charles Public School District, Minnesota",2102,1515,1231,18.1,72120,5382,83191,7521,96157,35859,84746,98220
9700000US2733480,"St. Clair Public School District, Minnesota",992,754,652,16,76795,5153,92115,7425,98167,52031,93025,103519
9700000US2733510,"St. Cloud Public School District, Minnesota",37999,21620,15272,14.4,50814,1828,66908,1690,81882,32979,67462,83275
9700000US2733540,"St. Francis Public School District, Minnesota",11368,8877,7400,10.1,87975,3059,94419,5675,105344,57198,100484,106580
9700000US2733600,"St. James Public School District, Minnesota",2526,1548,1237,14.4,52333,4128,70942,6318,78393,32763,64120,81304
9700000US2733780,"St. Louis Park Public School District, Minnesota",22085,10353,7923,10.3,76888,3013,105801,5094,124398,54628,96293,121652
9700000US2733790,"St. Michael-Albertville School District, Minnesota",7876,6550,5230,6.9,101386,9970,109292,5406,116618,44638,104365,112735
9700000US2733810,"South Washington County School District, Minnesota",34804,26122,21621,8.9,97320,2392,113553,3247,124883,53887,120731,135195
9700000US2733840,"St. Paul Public School District, Minnesota",112999,62059,40782,13.1,55085,938,69759,1858,92405,39784,77516,93954
9700000US2733870,"St. Peter Public School District, Minnesota",5158,3389,2637,13.2,61064,3322,74211,4309,83096,36028,74289,86299
9700000US2733900,"Staples-Motley School District, Minnesota",4220,2780,2210,20.3,44948,2880,56721,3309,66111,26169,59586,70955
9700000US2738160,"Stewartville Public School District, Minnesota",3489,2593,1957,19.4,71189,6588,83352,5187,100648,30875,81508,93834
9700000US2738190,"Stillwater Area Public School District, Minnesota",23636,17009,14468,10.6,96699,3072,116362,3930,130221,54118,125784,145681
9700000US2738280,"Swanville Public School District, Minnesota",710,536,468,12.6,66000,7271,72857,7809,77381,38333,70469,76515
9700000US2738850,"Thief River Falls School District, Minnesota",5813,3568,2637,17.8,60163,5891,75745,4973,88304,31587,72058,86356
9700000US2738880,"Esko Public School District, Minnesota",1853,1447,1268,15.8,82723,11365,97887,9176,100678,46071,92186,103046
9700000US2740665,"Triton School District, Minnesota",2653,1906,1479,13.9,63616,2849,74762,4631,81950,39708,79676,90753
9700000US2740680,"Truman Public School District, Minnesota",971,667,519,16.4,52689,3869,60804,4237,66458,29861,62905,74684
9700000US2740740,"Lake Superior Public School District, Minnesota",6222,3953,3277,16.4,61599,4172,72926,4303,79013,39724,74348,87437
9700000US2740810,"Ulen-Hitterdal Public School District, Minnesota",667,469,393,20.7,63109,4353,75268,7701,77054,28250,83643,101940
9700000US2740830,"Underwood Public School District, Minnesota",1024,731,676,17.1,68854,3510,77056,2351,79091,36016,74389,84203
9700000US2740860,"Upsala Public School District, Minnesota",790,582,490,10.1,64167,3471,70556,7105,76667,41786,75125,80448
9700000US2740920,"Verndale Public School District, Minnesota",677,475,394,25.2,47981,5481,57292,9136,66500,24667,69770,82930
9700000US2741040,"Virginia Public School District, Minnesota",5284,2574,1898,18.9,46707,2739,71066,5240,86250,24217,59667,81167
9700000US2741060,"Wabasha-Kellogg Public School District, Minnesota",2232,1500,1262,16.1,59754,4142,72730,2665,75938,31811,72779,85556
9700000US2741430,"Wabasso Public School District, Minnesota",985,703,611,28.7,57109,5793,72847,5025,77212,24886,70716,82959
9700000US2741460,"Waconia Public School District, Minnesota",7433,5580,4885,13.6,97574,5958,113226,7441,125515,43217,114862,132140
9700000US2741850,"Warroad Public School District, Minnesota",2292,1543,1238,18.2,54950,5629,66547,4607,73520,37569,65532,75227
9700000US2741880,"Waseca Public School District, Minnesota",4819,3086,2375,19.9,51087,3005,67882,5889,77303,30712,65047,80007
9700000US2741910,"Watertown-Mayer Public School District, Minnesota",3548,2663,2439,6,86875,4543,99127,5526,104338,40030,99380,114718
9700000US2742120,"Waubun-Ogema-White Earth Public Schools, Minnesota",1213,836,549,17.5,47107,2565,56630,2983,69861,23750,62457,72285
9700000US2742160,"Wayzata Public School District, Minnesota",26755,18704,16446,13,109562,4824,140454,3408,152839,54004,157641,190479
9700000US2742270,"West St. Paul-Mendota Heights-Eagan, Minnesota",18140,11093,8412,13.3,72556,2556,96128,4152,113609,38335,101780,132234
9700000US2742330,"Wheaton Area Public School District, Minnesota",1069,659,530,15.6,46813,4707,59961,5314,68125,32857,65496,78738
9700000US2742360,"White Bear Lake School District, Minnesota",26582,18170,14997,14,84548,2705,102999,3365,111318,44714,102005,121043
9700000US2742720,"Willmar Public School District, Minnesota",9797,6437,4976,22.5,53075,3462,65881,4018,75448,32813,66189,77631
9700000US2742750,"Willow River Public School District, Minnesota",1290,839,721,17.7,50625,4924,61813,4958,64938,32625,62077,66714
9700000US2742780,"Windom Public School District, Minnesota",2581,1623,1388,16.2,51509,6421,70657,4584,76667,29643,65474,81633
9700000US2744070,"Winona Area Public School District, Minnesota",15573,8409,6840,18.2,51023,2176,72480,2458,79569,29605,66650,88505
9700000US2744160,"Worthington Public School District, Minnesota",5675,3860,2802,17.7,51998,5198,63015,3474,70484,26482,63896,71742
9700000US2744190,"Wrenshall Public School District, Minnesota",771,540,469,18.2,64279,3835,74659,5577,80417,39750,74007,85240
9700000US2745735,"Zumbrota-Mazeppa School District, Minnesota",2917,1932,1648,16.1,71689,6337,94634,7220,102358,39007,85681,103796
9700000US2791445,"Lake Crystal-Wellcome Memorial, Minnesota",2431,1770,1572,9.7,66947,3933,78171,4187,82895,36005,82503,94886
9700000US2791446,"Tri-County School District, Minnesota",870,531,401,20.6,45667,2879,62813,6580,71779,24688,58602,74404
9700000US2791447,"Kittson Central School District, Minnesota",879,546,456,5.4,64241,5550,84750,7822,91136,42098,79189,91586
9700000US2791448,"Norman County West School District, Minnesota",682,408,324,9.9,49868,5934,63000,9121,70357,30000,62096,78259
9700000US2791449,"Win-E-Mac School District, Minnesota",1355,849,749,19.6,49750,3731,72109,6216,75547,22656,66809,89000
9700000US2791450,"Mesabi East School District, Minnesota",3315,2154,1769,18,53538,2901,64813,6912,73939,32438,64922,75011
9700000US2791451,"Janesville-Waldorf-Pemberton, Minnesota",1935,1399,1236,17,73880,3078,87031,4702,89750,40565,83035,95338
9700000US2799999,"Remainder of Minnesota, Minnesota",3361,2133,1684,18.8,52484,2955,66335,2964,76466,27656,65861,80133
0400000US27,Minnesota,2167801,1395514,1103647,14.6,68411,276,86204,382,98622,39557,90600,109028
