id,districtname,admtotal,generalfundexpends,perpupilexpends,avgteachersalary,readingproficiency,total_enroll,female_pct,male_pct,aian_pct,asian_pct,nhpi_pct,hisla_pct,black_pct,white_pct,twomo_pct,meals_pct,medianhouseincome,mhi_marginoferror,nocomp_cnt,nocomp_pct,yescomp_cnt,yescomp_pct,nointernet_cnt,nointernet_pct,yesinternet_cnt,yesinternet_pct,lat,lng
2799999,State of Minnesota,868137.24,9638187419,11102.15,61362,59.17428571,889304,48.49,51.51,1.67,6.86,0.09,9.53,11.2,65.7,4.95,36.38,68437,277,208684,8.79284047,2164656,91.20715953,283696,11.58722275,2164656,88.41277725,46.7296,-94.6859
2702760,Aitkin Public School District,1177.69,12036522,10220.45,55454,57.6385714,1186,47.39,52.61,0.59,0.42,0,1.52,1.26,92.92,3.29,44.52,46644,2980,741,13.83495146,4615,86.16504854,1076,18.90704621,4615,81.09295379,46.5641443,-93.6489304
2721240,Minneapolis Public School District,34088.09,439046660,12879.77,70659,46.48,35580,48.65,51.35,3.01,5.02,0.11,17.37,35.3,35.36,3.83,56.9,59005,1085,14852,7.869651609,173873,92.13034839,22649,11.52491833,173873,88.47508167,44.9633242,-93.2683198
2714010,Hill City Public School District,264.67,3787461,14310.13,55552,46.2828571,267,50.19,49.81,3.37,0,0,2.62,0,88.77,5.24,62.92,41912,5163,124,14.3187067,742,85.6812933,196,20.89552239,742,79.10447761,46.9527982,-93.5237792
2719170,McGregor Public School District,464.3,5596677,12054.01,50071,49.2585714,480,47.08,52.92,22.71,0.42,0,0.83,0.21,74.37,1.46,41.25,47569,2487,315,13.22418136,2067,86.77581864,457,18.10618067,2067,81.89381933,46.577144,-93.2387416
2733270,South St. Paul Public School District,3419.29,34984783,10231.59,65558,45.0614286,3548,48.31,51.69,0.76,2.14,0,27.11,7.69,54.41,7.89,50.06,61228,3021,898,10.13887321,7959,89.86112679,1097,12.1135159,7959,87.8864841,44.8880271,-93.0404974
2703180,Anoka-Hennepin Public School District,38121.71,427741016,11220.4,70407,65.0485714,38802,48.35,51.65,0.7,7.84,0.11,5.98,12.07,67.99,5.31,32.38,82438,1426,5266,5.78522384,85759,94.21477616,7537,8.078588578,85759,91.92141142,45.2173219,-93.3334627
2708100,Centennial Public School District,6575.93,71503817,10873.57,66703,68.8528571,6740,49.01,50.99,0.36,5.25,0.07,5.16,3.84,80.65,4.67,16.23,96006,3549,545,4.690592994,11074,95.30940701,705,5.985227948,11074,94.01477205,45.15546,-93.106858
2709510,Columbia Heights Public School District,3457.95,34927109,10100.52,66754,35.0957143,3398,48.97,51.03,1.09,4.36,0.06,33.99,35.29,17.85,7.36,72.81,54132,2026,1549,12.85904035,10497,87.14095965,1888,15.24424707,10497,84.75575293,45.0522498,-93.2538287
2712420,Fridley Public School District,2899.39,33593832,11586.52,62370,44.1814286,3039,48.57,51.43,1.12,6.88,0,12.87,36.16,35.43,7.54,64.53,58097,4585,505,7.680608365,6070,92.31939163,617,9.226858083,6070,90.77314192,45.0846155,-93.2592376
2733540,St. Francis Public School District,4356.21,42954903,9860.61,62596,60.7257143,4547,48.14,51.86,0.86,3.74,0.02,3.87,1.03,85.2,5.28,26.68,87975,3059,553,4.638872578,11368,95.36112742,907,7.389002037,11368,92.61099796,45.3804629,-93.3313746
2733330,Spring Lake Park Public Schools,5976.6,56496807,9453,58378,56.4728571,6096,49.62,50.38,0.51,8.32,0.23,15.5,11.78,56.34,7.32,34.51,70404,3859,1221,8.969367516,12392,91.03063248,1402,10.16383935,12392,89.83616065,45.1448127,-93.2105141
2710230,Detroit Lakes Public School District,2994.25,31624477,10561.74,57512,61.0257143,3047,48.38,51.62,9.94,0.89,0,2.3,1.12,75.22,10.53,36.82,59040,3423,919,11.15968427,7316,88.84031573,1112,13.19411486,7316,86.80588514,46.923596,-95.7837481
2712360,Frazee-Vergas Public School District,912.34,9788592,10729.11,56773,61.6714286,904,49.34,50.66,7.3,0.11,0,2.99,0.44,85.51,3.65,45.58,60299,2699,403,14.12053259,2451,85.87946741,511,17.25185685,2451,82.74814315,46.8118024,-95.5747638
2728960,Pine Point Public School District,63.53,1431696,22535.75,56935,28.635,59,59.32,40.68,100,0,0,0,0,0,0,91.53,26313,573,15,12,110,88,21,16.03053435,110,83.96946565,46.9975863,-95.3953881
2704440,Bemidji Public School District,5044.73,57707180,11439.1,63506,55.5557143,5230,46.75,53.25,16.98,0.73,0.08,1.95,1.38,71.02,7.86,47.23,51640,2436,1655,9.885318361,15087,90.11468164,2151,12.47824574,15087,87.52175426,47.5133401,-94.9334162
2705730,Blackduck Public School District,655.95,7002715,10675.68,52621,48.21,674,48.07,51.93,14.39,0.3,0,2.52,0.59,79.83,2.37,58.01,48125,3487,228,13.09592188,1513,86.90407812,346,18.61215707,1513,81.38784293,47.6928832,-94.5782797
2717010,Kelliher Public School District,276.55,4739154,17136.7,54089,44.6985714,285,49.12,50.88,48.42,0,0,0.7,1.05,49.83,0,75.44,43542,7186,78,15.75757576,417,84.24242424,89,17.58893281,417,82.41106719,48.2086227,-94.6516094
2730510,Red Lake Public School District,1473.35,30482917,20689.53,54398,24.03,1497,47.36,52.64,99.73,0,0,0.07,0,0,0.2,79.02,35919,3062,443,23.31578947,1457,76.68421053,582,28.54340363,1457,71.45659637,47.8701514,-95.181105
2732880,Sauk Rapids-Rice Public Schools,4517.87,44715087,9897.38,59904,57.2685714,4647,49.45,50.55,0.45,1.31,0.11,3.96,3.53,86.27,4.37,31.57,57732,3349,1051,9.805933943,9667,90.19406606,1288,11.7571885,9667,88.2428115,45.6964078,-94.1242691
2712240,Foley Public School District,1933.09,18546832,9594.4,58363,69.26,1964,49.03,50.97,0.46,0.2,0.05,0.92,0.31,96.79,1.27,28.67,71617,3141,477,12.31285493,3397,87.68714507,655,16.16485686,3397,83.83514314,45.709067,-93.914815
2733480,St. Clair Public School District,661.98,6180560,9336.48,53243,60.0714286,666,50.75,49.25,0,0,0.15,0.75,0,97.3,1.8,16.52,76795,5153,82,7.635009311,992,92.36499069,100,9.157509158,992,90.84249084,44.0826578,-93.8714048
2718780,Mankato Public School District,8656.15,87845043,10148.28,59706,64.1842857,8799,47.19,52.81,0.33,2.07,0.13,6.28,11.86,74.97,4.36,34.61,54846,2357,2110,7.501688769,26017,92.49831123,2931,10.12505182,26017,89.87494818,44.1836039,-93.9750867
2709540,Comfrey Public School District,146.94,1910965,13005.07,50694,59.6433333,148,52.03,47.97,0,0,0,8.11,0,89.19,2.7,45.95,58214,9037,67,14.16490486,406,85.83509514,109,21.16504854,406,78.83495146,44.100034,-94.9100641
2733210,Sleepy Eye Public School District,578.7,6073846,10495.67,46479,58.3171429,609,48.93,51.07,0.49,1.15,0,34.48,1.15,62.07,0.66,47.95,58524,5613,382,14.50816559,2251,85.49183441,443,16.44394952,2251,83.55605048,44.2683274,-94.7357253
2733390,Springfield Public School District,559.52,5576610,9966.78,52708,68.5971429,566,47,53,0,0.18,0,7.6,0.18,92.04,0,46.82,54421,1896,228,14.63414634,1330,85.36585366,309,18.85295912,1330,81.14704088,44.2607998,-94.9772089
2723490,New Ulm Public School District,2141.47,23115819,10794.37,52039,57.7357143,2091,46.72,53.28,0.1,0.48,0,5.6,1.05,91.05,1.72,28.79,62315,3453,925,10.27891988,8074,89.72108012,1332,14.16117372,8074,85.83882628,44.2913516,-94.4685705
2703690,Barnum Public School District,706.79,7844835,11099.24,56920,70.3485714,714,46.08,53.92,0.56,0.14,0.14,1.68,0.42,92.3,4.76,33.33,63866,3605,215,12.20204313,1547,87.79795687,324,17.31694281,1547,82.68305719,46.5603249,-92.7112679
2707590,Carlton Public School District,433.66,5305718,12234.74,39522,56.5757143,435,43.45,56.55,14.02,0.23,0,1.15,0.69,79.54,4.37,36.32,58935,6153,280,13.63857769,1773,86.36142231,461,20.63563115,1773,79.36436885,46.611118,-92.5231059
2709420,Cloquet Public School District,2761.49,27810520,10070.84,63524,67.3271429,2654,47.63,52.37,11.79,0.6,0.04,1.58,0.34,72.46,13.19,42.5,54141,4793,831,13.02099655,5551,86.97900345,1196,17.72639692,5551,82.27360308,46.7509917,-92.5333742
2709690,Cromwell-Wright Public Schools,323.59,4906784,15163.58,51681,55.3514286,331,45.92,54.08,5.44,1.51,0,1.21,0.6,90.64,0.6,37.76,56850,6592,157,16.25258799,809,83.74741201,220,21.37998056,809,78.62001944,46.6705876,-92.9108987
2721450,Moose Lake Public School District,633.22,6419007,10137.09,57525,54.1614286,655,49.01,50.99,0.92,0.31,0,1.98,0,92.52,4.27,30.99,55563,4511,324,14.88286633,1853,85.11713367,398,17.68103065,1853,82.31896935,46.4333463,-92.796174
2738880,Esko Public School District,1255.45,10796321,8599.56,61790,80.6128571,1283,49.26,50.74,0.39,0.55,0,1.56,0.55,92.2,4.75,10.44,82723,11365,140,7.024586051,1853,92.97541395,211,10.22286822,1853,89.77713178,46.713831,-92.3607923
2744190,Wrenshall Public School District,364.46,3952098,10843.71,51121,54.7228571,377,51.46,48.54,0.53,0.27,0,2.65,0.8,90.71,5.04,44.03,64279,3835,123,13.75838926,771,86.24161074,175,18.49894292,771,81.50105708,46.5190014,-92.3437281
2723910,Central Public School District,956.98,9205468,9619.29,54631,63.6985714,986,48.07,51.93,0.2,0.71,0.41,5.78,1.93,86.91,4.06,20.69,79551,3956,345,9.857142857,3155,90.14285714,427,11.92071468,3155,88.07928532,44.7627448,-93.9034995
2741460,Waconia Public School District,4050.66,41590079,10267.48,62452,70.6942857,4123,48.1,51.9,0.27,1.02,0.1,4.85,1.02,89.93,2.81,11.01,97574,5958,589,7.342308651,7433,92.65769135,672,8.291178285,7433,91.70882171,44.8486071,-93.7998136
2741910,Watertown-Mayer Public School District,1535.33,14911126,9712,56594,64.5914286,1552,47.87,52.13,0.45,0.77,0,1.68,0.71,94.26,2.13,19.59,86875,4543,301,7.820213042,3548,92.17978696,346,8.885464818,3548,91.11453518,44.9437455,-93.8830768
2708190,Eastern Carver County Public Schools,9673.13,107996917,11164.63,70239,67.0157143,9829,48.5,51.5,0.24,3.99,0.05,9.44,4.81,76.46,5.01,17.14,101661,4556,914,4.164957849,21031,95.83504215,1351,6.036100438,21031,93.96389956,44.8002412,-93.6379176
2702910,Walker-Hackensack-Akeley School District,769.62,9261043,12033.27,52748,53.9128571,799,46.43,53.57,22.4,0.5,0,2.88,0.25,66.34,7.63,49.69,49932,2359,443,11.43816163,3430,88.56183837,644,15.80756014,3430,84.19243986,47.0446058,-94.5583883
2708070,Cass Lake-Bena Public Schools,1158.74,21507053,18560.72,56748,35.2757143,1211,47.89,52.11,81.75,0,0.08,2.23,0.17,7.26,8.51,82,40507,2318,326,16.68372569,1628,83.31627431,422,20.58536585,1628,79.41463415,47.3331398,-94.3905378
2728350,Pillager Public School District,1166.01,10312923,8844.63,54983,59.75,1164,48.02,51.98,0.34,0.09,0,2.15,0.52,94.92,1.98,42.44,65490,4279,252,10.16949153,2226,89.83050847,343,13.35149864,2226,86.64850136,46.3477855,-94.4646279
2730870,Northland Community Schools,327.35,6038520,18446.68,52789,39.8033333,360,52.78,47.22,38.33,0.28,0.28,0.56,0.56,57.49,2.5,68.06,44496,3514,363,13.84439359,2259,86.15560641,527,18.91600861,2259,81.08399139,47.0544103,-94.0510611
2721320,Montevideo Public School District,1567.26,15043396,9598.53,62060,58.5785714,1409,47.48,52.52,0.57,0.35,0.78,19.38,1.49,73.46,3.97,43.72,51147,5587,573,15.22721233,3190,84.77278767,724,18.49770056,3190,81.50229944,44.9856003,-95.7060085
2723820,North Branch Public Schools,2692.7,27562973,10236.18,62287,55.52,2731,48.55,51.45,0.7,2.71,0,4.1,1.24,88.47,2.78,29,79170,4080,709,8.606457878,7529,91.39354212,841,10.04778973,7529,89.95221027,45.5052345,-92.9526805
2732550,Rush City Public School District,848.18,7891842,9304.44,50285,67.0014286,848,48.47,51.53,1.18,1.3,0,3.66,0.59,90.79,2.48,30.66,65905,6599,253,10.42009885,2175,89.57990115,384,15.00586166,2175,84.99413834,45.6742649,-92.9702159
2703660,Barnesville Public School District,879.17,8618085,9802.52,59458,77.0514286,868,45.39,54.61,0.23,0.23,0,1.38,0.46,94.94,2.76,17.05,79125,6580,255,12.58016774,1772,87.41983226,327,15.57884707,1772,84.42115293,46.652391,-96.4724032
2713560,Hawley Public School District,987.42,8766777,8878.47,60606,69.0814286,975,47.49,52.51,0.82,0.41,0.1,2.46,0.1,94.06,2.05,13.95,77865,5004,246,12.85266458,1668,87.14733542,353,17.46660069,1668,82.53339931,46.8477456,-96.3122452
2721420,Moorhead Public School District,6857.35,72279388,10540.43,57577,52.7485714,7027,48.51,51.49,2.89,0.97,0.04,8.34,9.9,71.1,6.76,40.23,62464,3150,1938,9.961449499,17517,90.0385505,2687,13.29934666,17517,86.70065334,46.8979991,-96.7204655
2703570,Bagley Public School District,992.89,11000574,11079.35,56447,49.7742857,1024,48.24,51.76,18.55,0.39,0,0.88,1.07,71.4,7.71,47.95,45381,2654,438,15.52090716,2384,84.47909284,535,18.32819459,2384,81.67180541,47.396434,-95.3651415
2713110,Cook County Public Schools,463.8,5943384,12814.54,50172,58.53,500,43.2,56.8,13.6,0.2,0.8,5.6,0.2,72.6,7,36.4,52271,3328,285,9.550938338,2699,90.44906166,416,13.35473515,2699,86.64526485,47.7246717,-90.4437558
2723010,Mountain Lake Public Schools,509.35,5562343,10920.47,54787,56.5842857,516,48.45,51.55,0,12.6,0,22.29,2.13,57.94,5.04,53.29,52589,5134,221,14.80241125,1272,85.19758875,294,18.77394636,1272,81.22605364,43.9386145,-94.9535831
2742780,Windom Public School District,1077.41,12649677,11740.82,47712,57.6328571,1064,45.77,54.23,0,1.97,1.88,19.17,1.69,70.59,4.7,43.8,51509,6421,388,13.06837319,2581,86.93162681,466,15.29373154,2581,84.70626846,43.8793689,-95.1436626
2706090,Brainerd Public School District,6572.89,71227350,10836.53,62693,67.92,6812,48.93,51.07,1.78,0.6,0.04,1.32,1.32,91.62,3.32,40.59,55821,2140,2051,10.31378859,17835,89.68621141,2689,13.10173455,17835,86.89826545,46.3229193,-94.1252103
2709750,Crosby-Ironton Public School District,1043.12,11427562,10955.17,56680,64.2871429,1048,49.33,50.67,0.67,0.38,0,1.81,0.76,91.51,4.87,42.37,51298,2876,604,11.30662673,4738,88.69337327,777,14.08884859,4738,85.91115141,46.5777636,-93.9814824
2728200,Pequot Lakes Public Schools,1727.56,15564016,9009.25,60281,70.4228571,1747,46.94,53.06,1.49,0.11,0,0.74,1.26,95.6,0.8,26.27,56519,3183,398,8.517012626,4275,91.48298737,532,11.06719368,4275,88.93280632,46.6262214,-94.2239081
2707290,Burnsville Public School District,8672.41,102758358,11848.88,71750,48.2771429,8874,48.86,51.14,0.48,7.98,0.23,18.92,26.93,38.85,6.61,51,74969,2362,1374,4.849982351,26956,95.15001765,2636,8.907812922,26956,91.09218708,44.7875938,-93.3081439
2711820,Farmington Public School District,7295.26,71285939,9771.54,66219,57.5828571,7313,47.94,52.06,0.36,4.68,0.03,6.99,3.42,79.8,4.72,15.12,93611,3226,426,3.381489125,12172,96.61851087,678,5.276264591,12172,94.72373541,44.6298858,-93.1272429
2717780,Lakeville Public School District,11098.37,125766054,11331.94,70874,73.31,11204,48.56,51.44,0.29,5.04,0.14,6.78,3.99,78.99,4.77,12.8,107695,2937,712,3.470123794,19806,96.52987621,947,4.563195683,19806,95.43680432,44.6343539,-93.2908232
2730150,Randolph Public School District,679.42,6804649,10015.38,49924,51.1328571,684,46.35,53.65,0,0.73,0,2.19,0.58,94.89,1.61,17.98,89554,5723,60,6.389776358,879,93.61022364,115,11.5694165,879,88.4305835,44.5396097,-93.0106439
2732390,Rosemount-Apple Valley-Eagan,28563.45,289752744,10144.18,74578,65.2914286,28997,48.47,51.53,0.33,8.35,0.09,9.94,12.15,62.7,6.44,22.44,94036,2384,2387,4.047752285,56584,95.95224771,3822,6.327186041,56584,93.67281396,44.7517975,-93.1233268
2742270,West St. Paul-Mendota Heights-Eagan,5175.48,58530102,11309.12,62490,59.68,5222,48.76,51.24,0.79,4.48,0.1,26.18,11.07,50.37,7.01,41.25,72556,2556,1701,8.573156595,18140,91.42684341,2331,11.38683992,18140,88.61316008,44.873609,-93.1412907
2715030,Inver Grove Heights Schools,3583.2,36658026,10230.53,65095,51.64,3633,48.42,51.58,0.44,5.15,0.08,24.11,10.54,52.58,7.1,40.1,70076,4019,943,7.141234381,12262,92.85876562,1523,11.04824084,12262,88.95175916,44.8256309,-93.0449554
2713530,Hastings Public School District,4346.71,47256101,10871.69,64896,65.1,4391,49.53,50.47,0.71,1.05,0.02,4.83,2.57,86.31,4.51,21.68,76385,2845,1196,8.724832215,12512,91.27516779,1523,10.85144282,12512,89.14855718,44.6945396,-92.8625847
2713590,Hayfield Public School District,708.95,6966813,9826.95,56280,48.9057143,685,50.36,49.64,0.44,0,0,7.45,1.61,88.89,1.61,32.41,64840,4071,259,11.97964847,1903,88.02035153,320,14.39496176,1903,85.60503824,43.8447085,-92.8184578
2716980,Kasson-Mantorville School District,2222.73,19343642,8702.65,56093,66.5071429,2222,49.46,50.54,0,0.45,0,5.4,0.54,90.77,2.84,16.47,78854,4387,246,6.130077249,3767,93.86992275,276,6.826613901,3767,93.1733861,44.0248356,-92.7369572
2703060,Alexandria Public School District,4201.34,45346085,10793.24,55914,65.6257143,4191,48.25,51.75,0.24,0.93,0,3.65,0.74,91.82,2.62,27.92,61097,3459,1661,10.97238737,13477,89.02761263,2291,14.52942669,13477,85.47057331,45.9152584,-95.3865271
2725140,Osakis Public School District,840.41,7631697,9080.92,53044,62.0785714,846,50,50,0.47,0.24,0.12,2.25,0.95,95.26,0.71,30.26,54559,2314,208,11.36612022,1622,88.63387978,350,17.7484787,1622,82.2515213,45.885153,-95.1055025
2708220,Chatfield Public Schools,867.48,8766530,10105.74,53977,70.5128571,873,47.42,52.58,0.23,0.57,0.11,2.29,0.57,94.51,1.72,16.95,73407,4288,261,11.328125,2043,88.671875,352,14.69728601,2043,85.30271399,43.8430231,-92.2043769
2717910,Lanesboro Public School District,352.39,3613783,10255.07,52824,63.2571429,347,46.97,53.03,0,0.58,0.29,2.02,0,96.25,0.86,36.02,58516,5189,102,13.58189081,649,86.41810919,136,17.32484076,649,82.67515924,43.7275442,-91.9448125
2718540,Mabel-Canton Public School District,256.28,2918326,11387.26,46123,60.2314286,275,47.27,52.73,0.73,0,0,1.45,1.45,95.28,1.09,31.27,56146,6348,247,20.75630252,943,79.24369748,271,22.32289951,943,77.67710049,43.5763611,-91.8301799
2728290,Rushford-Peterson Public Schools,693.09,7449969,10748.92,53249,62.1057143,697,46.34,53.66,0,0.29,0,2.44,0.72,94.54,2.01,29.27,58448,3782,228,12.40478781,1610,87.59521219,266,14.17910448,1610,85.82089552,43.7863591,-91.7953783
2702970,Albert Lea Public School District,3491.22,38441564,11010.93,58998,46.8185714,3595,47.34,52.66,0.25,7.29,0,21.72,3.67,63.82,3.25,51.93,49318,1995,1514,13.18355974,9970,86.81644026,2138,17.65774694,9970,82.34225306,43.6770341,-93.313803
2703030,Alden-Conger Public School District,501.42,5525741,11020.18,53510,58.6057143,507,51.08,48.92,0,0.2,0,6.11,0.39,90.74,2.56,29.78,62353,4101,95,14.28571429,570,85.71428571,111,16.29955947,570,83.70044053,43.6364923,-93.5615029
2707500,Cannon Falls Public School District,1153.09,11755018,10194.36,51704,62.4742857,1158,47.75,52.25,0.52,1.04,0.35,2.68,0.69,91.52,3.2,24.96,72946,3328,320,9.17168243,3169,90.82831757,503,13.69825708,3169,86.30174292,44.478968,-92.8530418
2712900,Goodhue Public School District,682.9,6072059,8891.58,48000,56.1785714,673,49.63,50.37,0,0,0,8.62,0,90.64,0.74,16.94,78472,6418,99,7.86963434,1159,92.13036566,152,11.5942029,1159,88.4057971,44.4187097,-92.5910235
2728950,Pine Island Public School District,1360.77,12474746,9167.42,55817,68.6657143,1358,46.91,53.09,0.07,1.33,0,2.8,1.69,92.49,1.62,15.61,75500,7720,167,6.294760648,2486,93.70523935,290,10.44668588,2486,89.55331412,44.18555,-92.636086
2730480,Red Wing Public School District,2724.27,28748425,10552.71,59419,54.8385714,2667,49.68,50.32,3.49,1.09,0,8.85,3.82,75.66,7.09,33.45,58343,5032,955,10.36128892,8262,89.63871108,1194,12.62690355,8262,87.37309645,44.5518406,-92.6089836
2703300,Ashby Public School District,285.87,2551563,8925.61,48519,58.9814286,293,48.12,51.88,0,0,0,2.73,0.68,96.25,0.34,37.2,60144,3447,70,10.43219076,601,89.56780924,105,14.87252125,601,85.12747875,46.1181061,-95.8362743
2713890,Herman-Norcross School District,97.45,1604621,16466.1,48590,60,99,44.44,55.56,0,0,0,7.07,0,85.86,7.07,33.33,48643,2306,70,14.22764228,422,85.77235772,96,18.53281853,422,81.46718147,45.8133866,-96.151806
2714260,Hopkins Public School District,6858.37,81156042,11833.14,68475,59.4985714,6883,48.61,51.39,0.36,6.03,0.1,9.76,22.49,52.96,8.3,35.44,71796,2200,2229,6.826116249,30425,93.17388375,2755,8.303194696,30425,91.6968053,44.9378091,-93.4124817
2705790,Bloomington Public School District,10466.54,127973644,12226.93,68922,53.5157143,10641,47.8,52.2,0.53,7.09,0.09,19.2,17.83,48.32,6.94,41.21,72127,1670,2592,6.750175786,35807,93.24982421,3815,9.628489223,35807,90.37151078,44.8296656,-93.315217
2714220,Eden Prairie Public School District,8916.38,98200311,11013.47,63903,73.5371429,8899,48.32,51.68,0.34,13.75,0.12,8.47,14.77,56.95,5.6,21.73,106103,2707,894,3.694825591,23302,96.30517441,1397,5.656099437,23302,94.34390056,44.8468508,-93.4573412
2711250,Edina Public School District,8412.2,98223666,11676.34,75489,77.4328571,8510,48.82,51.18,0.07,10.07,0.05,5.45,6.32,73.16,4.88,8.88,119294,6628,888,5.091743119,16552,94.90825688,1024,5.826126536,16552,94.17387346,44.8910772,-93.3578231
2711670,Minnetonka Public School District,10926.92,115377537,10559.02,73195,81.4842857,10970,49.22,50.78,0.24,5.55,0.06,4.16,2.64,83.26,4.09,5.93,117906,2597,636,3.904954872,15651,96.09504513,803,4.880272274,15651,95.11972773,44.9050192,-93.5476249
2722920,Westonka Public School District,2440.68,27509910,11271.41,66063,77.6071429,2447,47.53,52.47,0.16,1.06,0.08,4.7,1.88,86.32,5.8,16.1,100602,9980,479,5.474911418,8270,94.52508858,704,7.844885224,8270,92.15511478,44.9396488,-93.6651032
2725080,Orono Public School District,2876.85,33235969,11552.9,73679,78.8314286,2885,47.04,52.96,0.17,1.59,0.03,4.51,1.01,89.19,3.5,6.69,113341,14410,235,4.644268775,4825,95.35573123,325,6.310679612,4825,93.68932039,44.9973086,-93.610104
2725200,Osseo Public School District,21072.86,222122568,10540.69,65884,54.9457143,21472,48.62,51.38,0.92,15.91,0.04,9.12,24.86,42.67,6.48,41.24,83984,1586,3194,5.556232061,54291,94.44376794,5053,8.514761391,54291,91.48523861,45.1079725,-93.4304112
2731750,Richfield Public School District,4231.02,45318424,10710.99,68409,43.4857143,4319,47.58,52.42,0.81,6,0.14,40.7,14.52,28.66,9.17,61.66,61358,2876,2007,9.878426933,18310,90.12157307,2677,12.75551532,18310,87.24448468,44.877133,-93.2873664
2731780,Robbinsdale Public School District,12236.62,133467295,10907.2,59092,48.7471429,12546,49.08,50.92,0.59,6.36,0.03,15.01,29.83,39.08,9.1,50.78,66557,1958,4093,8.809349576,42369,91.19065042,5664,11.79189307,42369,88.20810693,45.0304737,-93.378405
2733420,St. Anthony-New Brighton Schools,1816.12,18558636,10218.84,63687,67.5614286,1837,49.7,50.3,0.54,7.68,0.16,7.08,12.08,65.55,6.91,25.69,70143,5393,552,10.25641026,4830,89.74358974,699,12.64243082,4830,87.35756918,45.0303318,-93.2154174
2733780,St. Louis Park Public School District,4616.9,58543881,12680.34,63193,58.9185714,4714,49.07,50.93,0.62,3.42,0.23,11.9,20.43,54.34,9.06,36.13,76888,3013,1486,6.304357049,22085,93.69564295,2057,8.520420843,22085,91.47957916,44.948693,-93.3637621
2742160,Wayzata Public School District,11911.97,133911351,11241.75,64164,80.7957143,11948,48.23,51.77,0.07,20.55,0.04,4.32,7.03,62.58,5.41,11.22,109562,4824,1367,4.860962947,26755,95.13903705,1353,4.813576206,26755,95.18642379,45.010205,-93.4991063
2706240,Brooklyn Center School District,2487.32,24748211,9949.75,56287,22.4285714,2492,50.08,49.92,1.16,12.68,0,20.67,39.89,19.54,6.06,75.44,46815,7895,409,11.30771357,3208,88.69228643,699,17.89096493,3208,82.10903507,45.067676,-93.3020893
2714280,Houston Public School District,1923.5,19059114,9908.56,52665,57.9471429,1976,54.3,45.7,1.32,1.47,0.1,7.19,7.34,74.84,7.74,30.01,62212,4279,148,10.89837997,1210,89.10162003,172,12.44573082,1210,87.55426918,43.77677,-91.5745845
2733300,Spring Grove School District,363.66,4207056,11568.65,52829,68.2514286,361,48.75,51.25,0,0,0,1.11,1.11,96.67,1.11,32.41,51125,4769,193,16.88538933,950,83.11461067,200,17.39130435,950,82.60869565,43.5756011,-91.631879
2707380,Caledonia Public School District,717.07,7693922,10729.67,58525,61.0757143,718,46.38,53.62,0,0.14,0,0.84,1.39,96.1,1.53,27.16,57775,5850,415,13.8656866,2578,86.1343134,550,17.5831202,2578,82.4168798,43.6137125,-91.4305114
2717250,La Crescent-Hokah School District,1108.1,12031091,10857.41,52112,55.13,1108,47.92,52.08,0.45,1.62,0.09,2.08,2.53,89.17,4.06,20.22,63385,4525,357,8.933933934,3639,91.06606607,412,10.17032831,3639,89.82967169,43.8013367,-91.335884
2717940,Laporte Public School District,324.58,3773136,11624.67,49460,48.0328571,338,46.15,53.85,15.68,0,0,1.18,1.78,75.74,5.62,57.1,55536,4072,78,9.911054638,709,90.08894536,115,13.95631068,709,86.04368932,47.2173235,-94.8752198
2723370,Nevis Public School District,592.15,5852396,9883.3,53321,68.3614286,626,50.32,49.68,1.92,0,0,4.31,0.8,88.98,3.99,45.85,56379,4301,114,9.238249595,1120,90.76175041,166,12.90824261,1120,87.09175739,46.9471619,-94.8808815
2728080,Park Rapids Public School District,1670.67,16104587,9639.6,52168,51.7957143,1739,51.29,48.71,2.13,0.17,0,6.56,0.58,83.89,6.67,51.01,53944,2749,709,11.96220685,5218,88.03779315,959,15.52533592,5218,84.47466408,47.0227262,-95.1357955
2706060,Braham Public School District,740.08,6760399,9134.69,53013,59.8514286,755,47.95,52.05,0,0.53,0.13,2.12,0.79,93.91,2.52,41.32,56893,2959,349,12.76051188,2386,87.23948812,489,17.00869565,2386,82.99130435,45.7231163,-93.1987464
2709480,Greenway Public School District,1050.51,12708016,12097,53537,61.7242857,1067,47.05,52.95,9.09,0.09,0,2.62,1.22,84.36,2.62,52.39,52685,4420,534,13.05623472,3556,86.94376528,800,18.36547291,3556,81.63452709,47.3437825,-93.3505926
2710140,Deer River Public School District,921.64,12105608,13134.86,52811,53.5571429,971,45.73,54.27,31.72,0.31,0,3.09,0.31,52.83,11.74,68.69,47563,5372,418,15.92380952,2207,84.07619048,540,19.65780852,2207,80.34219148,47.5138496,-93.8474107
2713170,Grand Rapids Public School District,3998.92,45181414,11298.4,66318,61.4971429,4149,48.59,51.41,3.21,0.22,0.14,2.02,0.75,85.51,8.15,38.59,53716,2193,1677,12.30735359,11949,87.69264641,2196,15.52492047,11949,84.47507953,47.7153864,-94.3976678
2723310,Nashwauk-Keewatin School District,587.22,7359072,12532.05,61054,50.7628571,610,46.89,53.11,0.98,0.49,0,1.15,0.98,87.38,9.02,53.11,54010,3338,279,14.01305876,1712,85.98694124,392,18.63117871,1712,81.36882129,47.3907163,-93.1490907
2713930,Heron Lake-Okabena School District,277.5,3900465,14055.73,48640,46.0928571,300,42.67,57.33,1.33,1,0,13.67,0,83.67,0.33,42.33,60000,8533,93,11.93838254,686,88.06161746,150,17.94258373,686,82.05741627,43.7674632,-95.349101
2721480,Mora Public School District,1616.46,15524774,9604.18,55814,65.7842857,1643,48.81,51.19,0.97,0.37,0,2.68,1.03,91.36,3.59,39.93,52372,2627,646,13.08221952,4292,86.91778048,869,16.83782213,4292,83.16217787,45.9520506,-93.2714573
2723970,Ogilvie Public School District,506.11,5297964,10468.01,49065,44.3028571,510,50.59,49.41,0.2,0.39,0,1.37,0,97.84,0.2,40.2,59297,3192,220,13.56350185,1402,86.43649815,304,17.81946073,1402,82.18053927,45.8379796,-93.4461391
2723400,New London-Spicer School District,1536.7,15420092,10034.55,57985,69.03,1556,46.92,53.08,0.06,0.39,0.13,7.65,0.19,91.32,0.26,26.09,69094,4625,358,8.605769231,3802,91.39423077,531,12.25478883,3802,87.74521117,45.2902759,-94.9950583
2742720,Willmar Public School District,4253.25,41869252,9844.06,52793,46.68,4478,48.62,51.38,0.49,2.5,0.42,35.19,20.08,39.98,1.34,63.13,53075,3462,1234,11.18665579,9797,88.81334421,1768,15.2875054,9797,84.7124946,45.0876733,-95.0239358
2717880,Lancaster Public School District,163.1,2663238,16328.87,48662,71.958,162,51.23,48.77,0,0,0,4.32,1.23,94.45,0,36.42,58646,6500,51,14.40677966,303,85.59322034,65,17.66304348,303,82.33695652,48.919432,-96.6907618
2715000,International Falls School District,998.31,11355361,11374.58,61750,62.78,1011,49.55,50.45,9.2,0.1,0,1.19,0.4,87.92,1.19,38.67,47418,5530,712,14.53357828,4187,85.46642172,991,19.13866358,4187,80.86133642,48.414281,-93.2781962
2718270,Littlefork-Big Falls School District,322.84,4017182,12443.26,63259,60.8714286,327,52.6,47.4,2.75,0,0,1.83,0.31,89.91,5.2,35.78,50000,12523,131,15.32163743,724,84.67836257,168,18.83408072,724,81.16591928,48.2649955,-93.659864
2732700,South Koochiching School District,292.54,5317391,18176.63,46298,48.4671429,287,49.83,50.17,12.2,1.05,0.35,1.05,2.44,82.21,0.7,49.48,46750,7550,103,15.44227886,564,84.55772114,145,20.45133992,564,79.54866008,48.2561998,-94.0709705
2710090,Dawson-Boyd Public School District,565.34,6225734,11012.37,53429,64.4714286,568,45.42,54.58,0.88,1.76,0,7.39,0.53,87.33,2.11,36.8,53375,3451,165,11.51430565,1268,88.48569435,220,14.78494624,1268,85.21505376,44.8993198,-96.012372
2740740,Lake Superior Public School District,1375.69,15344784,11154.25,58907,61.93,1391,47.59,52.41,0.86,0.29,0.36,0.86,0.65,95.4,1.58,26.02,61599,4172,718,10.34582133,6222,89.65417867,996,13.79883624,6222,86.20116376,47.4744895,-91.4873255
2717570,Lake of The Woods School District,459.65,5571088,12120.28,52965,47.2957143,477,48.22,51.78,2.73,0.84,0,2.31,2.1,85.94,6.08,42.14,49521,6154,214,13.14496314,1414,86.85503686,365,20.51714446,1414,79.48285554,48.5881525,-94.8866975
2709330,Cleveland Public School District,509.65,4664608,9152.57,52481,66.7842857,524,51.15,48.85,0.76,0.38,0,5.53,0.38,91.04,1.91,25.57,80156,3877,86,7.962962963,994,92.03703704,108,9.800362976,994,90.19963702,44.3053501,-93.8195353
2713680,Hendricks Public School District,141.41,2161147,15282.84,35033,73.2,138,49.28,50.72,0,0,0,7.97,0,89.13,2.9,31.16,48833,5084,122,19.93464052,490,80.06535948,128,20.71197411,490,79.28802589,44.5088558,-96.3990986
2715540,Ivanhoe Public School District,141.59,1418909,10021.25,31994,52.7366667,91,41.76,58.24,0,0,0,4.4,0,95.6,0,37.36,52260,3122,112,16.25544267,577,83.74455733,134,18.8466948,577,81.1533052,44.4676054,-96.2310757
2717460,Lake Benton Public School District,197.21,2039518,10341.86,47170,78.1825,144,46.53,53.47,0,0,0,4.17,0,94.44,1.39,33.33,53750,8242,111,16.59192825,558,83.40807175,122,17.94117647,558,82.05882353,44.2915588,-96.3335852
2718940,Marshall Public School District,2517.25,25908771,10292.49,53720,58.6671429,2625,47.31,52.69,0.3,10.17,0.15,15.01,8.8,61.65,3.92,46.02,52000,4132,576,8.826233527,5950,91.17376647,652,9.875795214,5950,90.12420479,44.4366057,-95.7463159
2721270,Minneota Public School District,479.65,5172424,10783.75,46982,73.0571429,530,45.09,54.91,0.38,0.19,0,7.74,0.19,89.61,1.89,28.3,65972,3675,137,11.57094595,1047,88.42905405,205,16.37380192,1047,83.62619808,44.5695891,-96.0003253
2718390,Lynd Public School District,215.17,2552000,11860.39,38785,40.548,180,43.33,56.67,0,0,0,33.89,0.56,61.11,4.44,59.44,74688,10531,35,7.575757576,427,92.42424242,63,12.85714286,427,87.14285714,44.4033052,-95.9276237
2714970,Hutchinson Public School District,2826.42,29338751,10380.18,58937,66.3142857,2944,48.37,51.63,0.03,0.99,0.14,8.8,1.15,86,2.89,28.09,61197,3676,844,9.769649265,7795,90.23035074,1002,11.39024668,7795,88.60975332,44.898475,-94.401803
2702640,Lester Prairie Public School District,464.87,4332496,9319.8,46734,55.7157143,434,44.93,55.07,0.23,1.15,0,18.43,0.46,78.35,1.38,30.18,62591,3664,141,11.13744076,1125,88.86255924,206,15.4770849,1125,84.5229151,44.8804377,-94.0614136
2718660,Mahnomen Public School District,608.83,9146505,15023.09,54660,33.2942857,642,47.98,52.02,61.06,0,0,2.02,0,15.42,21.5,79.75,41895,1336,337,20.10739857,1339,79.89260143,404,23.178428,1339,76.821572,47.3456638,-95.839557
2742120,Waubun-Ogema-White Earth Public Schools,660.56,7963601,12055.83,50530,40.8685714,697,48.64,51.36,61.69,0,0.14,2.44,0,19.23,16.5,68.72,47107,2565,251,17.14480874,1213,82.85519126,303,19.98680739,1213,80.01319261,47.126713,-95.787229
2723550,Marshall County Central Schools,427.25,4957405,11603.05,48064,62.4014286,427,51.76,48.24,0,0,0,2.11,0.47,95.78,1.64,33.96,61563,6286,111,11.89710611,822,88.10289389,176,17.63527054,822,82.36472946,48.3059436,-96.3363092
2718920,Grygla Public School District,150.23,2773895,18464.32,50347,52.5416667,149,48.99,51.01,0,0,0,2.68,0,95.31,2.01,46.98,55125,4424,54,12.08053691,393,87.91946309,76,16.20469083,393,83.79530917,48.3598285,-95.4220433
2740680,Truman Public School District,211.57,2502616,11828.78,52419,57.6085714,216,42.13,57.87,0,1.39,0.93,1.85,0.46,91.67,3.7,62.04,52689,3869,164,14.44933921,971,85.55066079,236,19.55260978,971,80.44739022,43.8412678,-94.4373776
2711190,Eden Valley-Watkins School District,960.06,9056589,9433.36,49767,67.6214286,971,48.3,51.7,0.21,0.41,0,3.19,0.41,93.62,2.16,31.51,61319,4543,298,13.4841629,1912,86.5158371,415,17.83412119,1912,82.16587881,45.3251307,-94.5217966
2718210,Litchfield Public School District,1555.53,16221008,10427.96,53885,65.1457143,1578,47.91,52.09,0.19,0.25,0,9.82,1.2,86.89,1.65,35.3,61330,2401,695,12.90142937,4692,87.09857063,896,16.03435934,4692,83.96564066,45.1256428,-94.4978021
2710060,Dassel-Cokato Public School District,2213.05,20454365,9242.61,59426,72.5114286,2250,47.64,52.36,0.53,0.53,0,3.6,0.67,92.54,2.13,23.87,64265,2286,466,11.61805036,3545,88.38194964,548,13.38871244,3545,86.61128756,45.0827058,-94.2583745
2715510,Isle Public School District,417.09,4747300,11381.96,46457,53.89,432,46.06,53.94,10.19,0.69,0,3.94,0.46,77.78,6.94,56.25,45281,4627,259,15.19953052,1445,84.80046948,317,17.99091941,1445,82.00908059,46.1541655,-93.4547996
2730030,Princeton Public School District,3333.81,33130844,9937.83,61582,63.4157143,3453,48.42,51.58,0.61,0.55,0,2.9,0.41,92.63,2.9,30.84,70664,4206,746,9.136558481,7419,90.86344152,1089,12.79971791,7419,87.20028209,45.575971,-93.6000896
2725050,Onamia Public School District,590.37,9390762,15906.57,49239,36.7657143,646,44.58,55.42,45.82,0.15,0.15,3.25,2.94,41.03,6.66,68.73,44358,3966,445,16.72932331,2215,83.27067669,525,19.16058394,2215,80.83941606,46.0922673,-93.7583998
2718240,Little Falls Public School District,2466.39,25026133,10146.87,59224,48.0142857,2536,47.71,52.29,0.2,0.47,0.16,2.92,3.59,88.36,4.3,45.78,51282,2210,1231,14.58358014,7210,85.41641986,1551,17.70345851,7210,82.29654149,46.0420885,-94.4054992
2728320,Pierz Public School District,1174.65,10189027,8674.1,53080,61.0642857,1195,46.78,53.22,0.17,0.17,0,1.76,0.08,96.82,1,34.31,58750,3016,390,16.05599012,2039,83.94400988,483,19.15146709,2039,80.84853291,45.9942788,-94.0548626
2732520,Royalton Public School District,948.11,8440700,8902.66,48784,52.4042857,954,47.06,52.94,0.84,0.31,0,2.52,0.31,93.5,2.52,28.09,63724,3107,225,13.26650943,1471,86.73349057,329,18.27777778,1471,81.72222222,45.841294,-94.2385041
2738280,Swanville Public School District,313.54,2999605,9566.9,53650,54.4328571,329,44.07,55.93,0,0.3,0,4.56,0,94.53,0.61,39.51,66000,7271,111,13.52009744,710,86.47990256,147,17.15285881,710,82.84714119,45.9464225,-94.6396887
2740860,Upsala Public School District,380.38,3809450,10014.85,54237,53.2442857,380,48.16,51.84,0,0.26,0,2.37,0.53,95.79,1.05,30.53,64167,3471,127,13.84950927,790,86.15049073,173,17.96469367,790,82.03530633,45.8246278,-94.5295989
2703450,Austin Public School District,5058.2,53287195,10534.81,58786,43.5071429,5293,48.89,51.11,0.17,9.09,0.83,28.64,8.46,49.26,3.55,55.41,48529,2749,1550,12.11316036,11246,87.88683964,1939,14.70610542,11246,85.29389458,43.6693745,-93.0110587
2713140,Grand Meadow Public School District,439.87,5035179,11446.97,47951,53.9157143,438,50.23,49.77,0.23,0.46,0,3.42,1.14,91.33,3.42,27.4,70357,9550,89,11.05590062,716,88.94409938,156,17.88990826,716,82.11009174,43.7006985,-92.572777
2718360,Lyle Public School District,290.4,3272497,11268.93,39388,42.0285714,284,42.61,57.39,0.35,0.35,0,13.73,2.11,79.23,4.23,51.06,49318,11542,71,14.05940594,434,85.94059406,103,19.18063315,434,80.81936685,43.5366771,-92.9650599
2718060,LeRoy-Ostrander Public Schools,267.05,3581201,13410.23,50344,63.8471429,266,50.38,49.62,1.13,0.38,0,6.02,0,89.84,2.63,37.22,55335,3576,172,16.94581281,843,83.05418719,205,19.5610687,843,80.4389313,43.5655039,-92.4712195
2702720,Southland Public School District,405.1,5708811,14092.35,54435,56.4542857,382,47.91,52.09,0.52,0.52,0.26,5.5,0.79,91.36,1.05,27.23,67688,4172,209,13.62451108,1325,86.37548892,249,15.81956798,1325,84.18043202,43.6241708,-92.7431067
2712480,Fulda Public School District,344.56,4745658,13773.1,56571,53.4657143,346,47.4,52.6,0.58,6.65,0,10.4,0.87,80.92,0.58,37.28,60048,7702,154,12.99578059,1031,87.00421941,188,15.42247744,1031,84.57752256,43.8579099,-95.629108
2723580,Nicollet Public School District,388.01,4287203,11049.21,50567,56.3871429,391,53.45,46.55,0,0,0,6.65,1.02,90.28,2.05,18.67,74659,8029,98,9.099350046,979,90.90064995,153,13.51590106,979,86.48409894,44.3081121,-94.2074868
2733870,St. Peter Public School District,2218.28,23104762,10415.62,52636,59.4428571,2246,46.79,53.21,0.36,1.11,0,15,9.93,70.44,3.16,35.93,61064,3322,557,9.746281715,5158,90.25371829,600,10.42028482,5158,89.57971518,44.339203,-94.0012314
2702730,Adrian Public School District,570.78,5923858,10378.53,47893,57.6014286,574,50.52,49.48,0.35,2.61,0,12.2,0.35,81.01,3.48,40.24,59118,5514,142,13.73307544,892,86.26692456,181,16.86859273,892,83.13140727,43.69214,-95.9207079
2711460,Ellsworth Public School District,142.2,1931174,13580.69,39781,65.7,142,51.41,48.59,0,0,0,2.11,1.41,96.48,0,46.48,52500,7793,91,18.60940695,398,81.39059305,101,20.24048096,398,79.75951904,43.531348,-95.9835394
2744160,Worthington Public School District,3901.98,32546249,8340.96,54647,44.4442857,3904,47.85,52.15,0.31,8.53,0.03,47.77,6.1,34.19,3.07,62.12,51998,5198,842,12.92005524,5675,87.07994476,1169,17.08065459,5675,82.91934541,43.6415789,-95.6597357
2707350,Byron Public School District,2129.25,18758087,8809.72,55919,76.0614286,2114,48.82,51.18,0.24,1.75,0.05,3.07,0.71,91.34,2.84,10.55,88056,5504,120,3.722084367,3104,96.27791563,253,7.536490915,3104,92.46350909,44.0203987,-92.6182543
2711010,Dover-Eyota Public School District,1118.62,10019353,8956.89,54262,63.3428571,1101,48.68,51.32,0,0.54,0,2.18,0.18,93.47,3.63,18.62,78106,4833,162,9.418604651,1558,90.58139535,217,12.22535211,1558,87.77464789,43.9949007,-92.2154739
2738160,Stewartville Public School District,2093.93,18817324,8986.61,56318,61.1271429,2108,49.38,50.62,0.24,0.52,0,3.08,0.71,92.75,2.7,21.2,71189,6588,327,8.56918239,3489,91.43081761,440,11.19877832,3489,88.80122168,43.8471755,-92.5094271
2731800,Rochester Public School District,17602.32,189372896,10758.41,63256,55.3985714,18015,48.46,51.54,0.47,9.9,0.03,10.16,14.4,59.21,5.83,36.69,73618,2178,3899,7.111329977,50929,92.88867002,4998,8.936649561,50929,91.06335044,44.0546608,-92.4425886
2703750,Battle Lake Public School District,431.41,3704610,8587.21,58455,72.1828571,428,46.5,53.5,0,0.7,0,3.97,0.47,89.02,5.84,29.44,57406,3839,202,10.38560411,1743,89.61439589,269,13.36978131,1743,86.63021869,46.3073222,-95.6908082
2711880,Fergus Falls Public School District,2925.35,25374444,8673.99,55153,64.8671429,2890,50.8,49.2,0.59,0.55,0.24,3.32,4.12,86.4,4.78,34.39,54284,5512,1430,14.50157185,8431,85.49842815,1859,18.06608358,8431,81.93391642,46.2724241,-96.0903114
2713860,Henning Public School District,374.48,4251043,11351.86,51598,64.7157143,368,48.64,51.36,0.82,0.82,0,1.9,1.09,94.28,1.09,39.13,52578,3279,183,12.55144033,1275,87.44855967,270,17.47572816,1275,82.52427184,46.31903,-95.4644919
2728110,Parkers Prairie Public School District,544.22,6431599,11818.01,53998,64.7771429,552,47.46,52.54,0,0,0,2.54,0.36,95.83,1.27,25.72,59044,3102,173,13.3384734,1124,86.6615266,232,17.10914454,1124,82.89085546,46.1399273,-95.3563313
2728170,Pelican Rapids Public School District,872.94,8614787,9868.7,56908,57.2542857,890,51.12,48.88,0.79,1.91,0,28.54,13.26,53.03,2.47,54.49,63799,2885,408,12.45041196,2869,87.54958804,603,17.36751152,2869,82.63248848,46.5793316,-96.0610243
2728230,Perham-Dent Public School District,1520.35,15271710,10044.86,51687,61.9742857,1527,47.28,52.72,1.05,0.72,0.07,11.13,1.51,81.53,3.99,36.08,58450,3794,637,11.83574879,4745,88.16425121,885,15.71936057,4745,84.28063943,46.5746195,-95.6476793
2740830,Underwood Public School District,559.99,5222568,9326.18,45041,59.61,567,48.68,51.32,1.41,2.47,0,0.88,1.23,93.66,0.35,36.16,68854,3510,119,10.4111986,1024,89.5888014,152,12.92517007,1024,87.07482993,46.312269,-95.8754669
2723520,New York Mills Public School District,739.75,6706695,9066.16,51507,60.0085714,744,47.31,52.69,0.27,0,0,2.15,1.08,94.48,2.02,35.35,56435,4898,213,13.2133995,1399,86.7866005,328,18.9924725,1399,81.0075275,46.5498881,-95.3431901
2713020,Goodridge Public School District,232.21,3278136,14117.12,48272,48.2142857,250,51.6,48.4,5.2,0.8,0,4.4,0.4,88.4,0.8,48.4,57500,10043,42,10.82474227,346,89.17525773,65,15.81508516,346,84.18491484,48.1577112,-95.7872601
2738850,Thief River Falls School District,1970.23,19967183,10134.44,55477,60.3057143,2020,49.16,50.84,2.57,1.09,0,6.58,1.73,83.13,4.9,35.05,60163,5891,814,12.28308435,5813,87.71691565,992,14.57751653,5813,85.42248347,48.0911239,-96.182704
2742750,Willow River Public School District,415.48,4674236,11250.21,50386,58.0871429,415,50.36,49.64,1.45,0,0,0.72,0,95.18,2.65,40.48,50625,4924,255,16.50485437,1290,83.49514563,319,19.82597887,1290,80.17402113,46.3282087,-92.901354
2728380,Pine City Public School District,1585.47,17968280,11333.09,58157,55.6385714,1594,47.8,52.2,1.13,0.44,0,3.64,0.75,90.15,3.89,33.94,52857,3561,673,14.20130829,4066,85.79869171,951,18.95555113,4066,81.04444887,45.8537903,-92.9273121
2711220,Edgerton Public School District,408.35,4162723,10194.01,48724,52.6228571,427,48.71,51.29,1.17,0.23,0,17.8,3.75,74.47,2.58,44.96,57386,6312,142,13.06347746,945,86.93652254,191,16.81338028,945,83.18661972,43.8820974,-96.1016365
2709360,Climax-Shelly Public Schools,216.49,2151649,9938.79,40615,51.8114286,222,59.01,40.99,1.8,0.45,0,18.47,0,76.58,2.7,63.51,54688,8094,50,13.05483029,333,86.94516971,78,18.97810219,333,81.02189781,47.5940442,-96.7922684
2709720,Crookston Public School District,1124.77,12715979,11305.4,55092,55.4271429,1191,49.12,50.88,3.36,0.59,0,22.33,1.6,66.41,5.71,49.45,55460,5051,438,10.74846626,3637,89.25153374,443,10.85784314,3637,89.14215686,47.7977999,-96.5770606
2711130,East Grand Forks Public School District,1911.42,17686216,9252.92,55881,54.5642857,1965,48.24,51.76,1.02,0.05,0,9.97,11.55,73.08,4.33,33.33,63804,7049,687,14.48450348,4056,85.51549652,731,15.27052434,4056,84.72947566,47.9564692,-96.9232401
2711910,Fertile-Beltrami School District,477.62,5543145,11605.76,54262,71.7042857,476,48.53,51.47,0.63,0.42,0,3.15,0.42,93.49,1.89,26.89,60863,3774,192,13.66548043,1213,86.33451957,248,16.97467488,1213,83.02532512,47.5660362,-96.3333442
2712180,Fisher Public School District,270.17,2856133,10571.61,43329,42.4128571,274,47.45,52.55,0,0.36,0,12.41,2.19,82.49,2.55,43.43,68750,6514,32,8.913649025,327,91.08635097,53,13.94736842,327,86.05263158,47.8304531,-96.7959339
2712300,Fosston Public School District,615.05,7021437,11416.04,55771,66.3328571,614,45.77,54.23,3.09,0.33,0,3.26,0.33,84.36,8.63,39.09,48917,3960,298,15.68421053,1602,84.31578947,342,17.59259259,1602,82.40740741,47.5680727,-95.6958251
2722950,Mounds View Public School District,11656.29,133923939,11489.41,63793,67.5314286,11957,47.74,52.26,0.49,11.62,0.08,8.81,10.74,62.15,6.11,29.89,80215,2459,2821,8.426429297,30657,91.5735707,3325,9.784591843,30657,90.21540816,45.0835001,-93.1554309
2723850,North St. Paul-Maplewood-Oakdale School District,10635.99,113727860,10692.74,60296,50.79,10808,48.98,51.02,1.18,21.82,0.06,14.02,19,36.19,7.73,56.31,69368,2509,2522,7.443919717,31358,92.55608028,2903,8.473191092,31358,91.52680891,44.9829666,-92.9808588
2732430,Roseville Public School District,7579.82,82594748,10896.66,70958,56.3642857,7655,48.78,51.22,0.37,19.61,0,13.68,15.85,43.64,6.85,44.72,64846,2386,2286,8.565647482,24402,91.43435252,2960,10.81792267,24402,89.18207733,45.0121283,-93.1338462
2742360,White Bear Lake School District,8707.45,102105396,11726.21,72437,64.88,8860,48.43,51.57,0.37,6.98,0.16,7.19,6.08,72.96,6.26,26.31,84548,2705,1475,5.257155077,26582,94.74284492,2153,7.492604837,26582,92.50739516,45.1013449,-93.0247794
2733840,St. Paul Public School District,35937.23,439053778,12217.24,75199,39.59,36888,48.22,51.78,1.02,31.17,0.03,14.13,26.6,20.83,6.22,65.71,55085,938,10588,8.567244128,112999,91.43275587,14650,11.47678399,112999,88.52321601,44.948901,-93.1040631
2730450,Red Lake Falls Public School District,369.44,4449884,12044.94,50961,59.0128571,370,49.19,50.81,0.54,0,0,5.41,0.27,89.46,4.32,31.08,57708,7969,144,13.15068493,951,86.84931507,200,17.37619461,951,82.62380539,47.8693921,-96.2982327
2721210,Milroy Public School District,81.48,1129854,13866.64,34232,46.2,37,54.05,45.95,0,0,0,0,0,100,0,51.35,62750,8229,30,9.771986971,277,90.22801303,52,15.80547112,277,84.19452888,44.4344146,-95.5307389
2741430,Wabasso Public School District,403.37,4318872,10706.97,47734,55.7385714,407,52.58,47.42,0.25,0.74,0,1.47,0,95.82,1.72,27.52,57109,5793,166,14.42224153,985,85.57775847,233,19.12972085,985,80.87027915,44.4211852,-95.3004837
2711760,Faribault Public School District,3553,42164158,11867.2,57413,41.67,3652,47.81,52.19,0.16,1.92,0,25.44,24.34,45.21,2.93,62.98,60652,2570,1803,13.60754717,11447,86.39245283,2172,15.94830751,11447,84.05169249,44.3094184,-93.2504574
2723880,Northfield Public School District,4050.03,47720683,11782.8,59934,68.4371429,4067,49.64,50.36,0.17,1.52,0.02,14.24,2.02,78.78,3.25,26.36,73918,3469,687,6.85013461,9342,93.14986539,934,9.089139743,9342,90.91086026,44.4658288,-93.2065442
2714040,Hills-Beaver Creek School District,367.61,3871636,10531.91,47693,67.6771429,364,48.9,51.1,0,0,0,3.57,0.82,93.69,1.92,16.48,64896,5176,111,11.1334002,886,88.8665998,180,16.88555347,886,83.11444653,43.5800159,-96.3621938
2703540,Badger Public School District,221.11,3146215,14229.18,54724,69.2442857,220,47.27,52.73,0.45,1.82,0,1.36,3.18,91.37,1.82,47.27,53636,5333,55,10.24208566,482,89.75791434,75,13.46499102,482,86.53500898,48.7669679,-95.99403
2732250,Roseau Public School District,1165.07,11945939,10253.41,58274,64.5685714,1183,48.52,51.48,0.76,0.68,0.08,1.1,1.18,93.75,2.45,27.39,62308,3017,366,12.18375499,2638,87.81624501,450,14.57253886,2638,85.42746114,48.7834631,-95.7126967
2741850,Warroad Public School District,992.99,12008594,12093.37,55268,66.9442857,1002,49,51,6.49,8.08,0,2.1,0.5,73.75,9.08,39.22,54950,5629,418,15.42435424,2292,84.57564576,510,18.2012848,2292,81.7987152,48.9739301,-95.0293359
2708910,Chisholm Public School District,728.18,8113580,11142.27,52284,59.0128571,726,51.1,48.9,2.2,0.14,0,0.96,2.75,90.64,3.31,42.15,43796,6000,356,12.59731069,2470,87.40268931,386,13.51540616,2470,86.48459384,47.541039,-92.8621902
2711520,Ely Public School District,567.79,7150004,12592.69,53835,63.22,573,50.44,49.56,1.4,0.52,0,1.57,0.7,89.88,5.93,30.02,48045,4617,377,13.34041047,2449,86.65958953,431,14.96527778,2449,85.03472222,47.9073158,-91.9323094
2712210,Floodwood Public School District,207.78,2947231,14184.38,47401,48.578,222,53.15,46.85,4.5,0,0,0.9,2.7,85.14,6.76,47.3,43333,2784,142,17.44471744,672,82.55528256,165,19.71326165,672,80.28673835,46.9180728,-92.9431903
2713920,Hermantown Public School District,2073.2,18925522,9128.65,61650,71.1714286,2110,48.86,51.14,0.66,1.14,0.05,2.27,1.04,91.81,3.03,12.75,70758,4271,552,10.75185041,4582,89.24814959,660,12.59061427,4582,87.40938573,46.8928811,-92.2276096
2713980,Hibbing Public School District,2381.46,27959518,11740.49,61451,67.31,2407,49.48,50.52,1.33,0.66,0.12,1.66,2.41,87.26,6.56,40.96,47213,3443,1037,12.38948626,7333,87.61051374,1648,18.34984968,7333,81.65015032,47.4071146,-92.9673899
2730090,Proctor Public School District,1789.77,19787213,11055.73,56413,59.7057143,1804,45.68,54.32,0.89,0.17,0,2.49,0.33,91.19,4.93,28.6,66959,5286,662,11.13915531,5281,88.86084469,874,14.19983753,5281,85.80016247,46.860097,-92.3344233
2741040,Virginia Public School District,1736.49,19983684,11508.09,62337,67.4685714,1765,44.53,55.47,2.44,0.51,0,2.72,1.98,83.4,8.95,36.49,46707,2739,1005,15.98028303,5284,84.01971697,1257,19.21724507,5284,80.78275493,47.6240008,-92.5231972
2733720,Nett Lake Public School District,95.98,1773774,18480.66,55843,56.6666667,57,43.86,56.14,100,0,0,0,0,0,0,64.91,26563,8508,39,21.54696133,142,78.45303867,32,18.3908046,142,81.6091954,48.1299347,-93.1769195
2711040,Duluth Public School District,8229.16,111622631,13564.28,63498,62.4971429,8706,48.95,51.05,3.86,1.41,0.08,2.79,5.67,76.83,9.36,39.93,51913,1515,4778,10.93564039,38914,89.06435961,6451,14.22021382,38914,85.77978618,46.9446286,-92.0577521
2700001,Mountain Iron-Buhl School District,518.55,6855707,13220.92,59868,63.2328571,536,42.16,57.84,2.99,0.19,0,4.1,1.12,82.83,8.77,52.8,49091,5172,399,15.9027501,2110,84.0972499,529,20.04547177,2110,79.95452823,47.5653272,-92.723232
2704050,Belle Plaine Public School District,1599.93,14951404,9345.04,51508,63.2614286,1627,48.06,51.94,0.37,1.91,0.25,5.04,1.54,86.71,4.18,19.61,85096,8389,195,5.936073059,3090,94.06392694,309,9.090909091,3090,90.90909091,44.6196812,-93.7819675
2715750,Jordan Public School District,1896.91,18040300,9510.36,63076,66.2442857,1908,48.53,51.47,1.26,1.47,0.21,9.59,2.31,80.86,4.3,20.13,74230,6979,361,9.777898158,3331,90.22210184,470,12.36516706,3331,87.63483294,44.6509943,-93.5727788
2730060,Prior Lake-Savage Area Schools,8819.62,87163913,9882.96,65912,68.2771429,8931,49.56,50.44,0.82,4.86,0.02,4.89,4.53,80.28,4.6,11.84,108621,4248,591,3.588124583,15880,96.41187542,1098,6.467192838,15880,93.53280716,44.7026583,-93.4149192
2733000,Shakopee Public School District,8247.22,75895117,9202.51,59842,62.3271429,8319,48.54,51.46,1.06,10.83,0.08,13.79,10.7,57.42,6.12,34.61,84905,4234,811,5.12836727,15003,94.87163273,1114,6.911956319,15003,93.08804368,44.7434421,-93.5100297
2723430,New Prague Area Schools,4226.44,39848526,9428.39,59222,69.8828571,4276,48.9,51.1,0.58,0.96,0.05,2.69,1.01,92.93,1.78,12.35,99034,5400,643,8.547122159,6880,91.45287784,740,9.711286089,6880,90.28871391,44.5562905,-93.5121778
2703870,Becker Public School District,2866.46,29895458,10429.4,62625,64.8314286,2942,50.61,49.39,0.31,0.82,0,2.52,0.65,92.74,2.96,18.83,89371,3277,235,5.428505429,4094,94.57149457,338,7.626353791,4094,92.37364621,45.4446179,-93.8684422
2705460,Big Lake Public School District,3026.16,30150488,9963.28,61786,63.1128571,3056,50.13,49.87,0.39,1.8,0.03,4.88,2.95,85.3,4.65,22.68,89782,6782,262,4.139674514,6067,95.86032549,397,6.141707921,6067,93.85829208,45.3915322,-93.7064576
2711370,Elk River Public School District,13362.27,138474993,10363.13,67476,70.0242857,13670,48.43,51.57,0.27,2.03,0.05,3.68,2.69,86.19,5.09,15.76,97326,4921,1488,5.668571429,24762,94.33142857,2378,8.761974945,24762,91.23802506,45.3272507,-93.5722122
2714190,Holdingford Public School District,1055.74,9635734,9127,50586,66.6742857,1064,48.78,51.22,0.09,0.19,0,1.22,0.56,97.66,0.28,23.4,71535,2574,295,13.72731503,1854,86.27268497,434,18.96853147,1854,81.03146853,45.7126891,-94.4059426
2717220,Kimball Public School District,758.4,7352283,9694.47,45696,69.8628571,758,45.78,54.22,0,0.13,0,0.92,0.53,94.86,3.56,23.61,72875,4406,121,6.378492356,1776,93.62150764,214,10.75376884,1776,89.24623116,45.3319061,-94.2827717
2720550,Melrose Public School District,1334.42,13303761,9969.7,58695,54.6128571,1331,48.46,51.54,0.3,0.15,0,28.4,0.53,70.32,0.3,42.37,64178,3504,565,14.0652228,3452,85.9347772,836,19.49626866,3452,80.50373134,45.6484138,-94.7833726
2728140,Paynesville Public School District,931.48,8868731,9521.12,61109,59.9428571,928,51.08,48.92,0,0.11,0,3.66,0.65,93.64,1.94,31.03,60821,3050,397,13.50799592,2542,86.49200408,521,17.00946784,2542,82.99053216,45.4018454,-94.7324897
2733510,St. Cloud Public School District,9940.85,103398210,10401.34,56694,43.7257143,10292,47.14,52.86,0.62,3.01,0.08,6.09,38.42,45.31,6.47,61.37,50814,1828,3040,7.407587904,37999,92.5924121,4531,10.65365624,37999,89.34634376,45.5026164,-94.1647786
2732850,Sauk Centre Public School District,1093.69,11047164,10100.82,61590,62.3357143,1098,51,49,0.09,0.36,0,8.65,0,89.08,1.82,36.52,60048,3231,414,12.02789076,3028,87.97210924,621,17.01836119,3028,82.98163881,45.7351279,-95.0002673
2702930,Albany Public School District,1761.52,17089551,9701.59,62244,68.2842857,1768,50.85,49.15,0,0.23,0.11,2.26,0.4,95.7,1.3,19.57,73988,4575,446,11.34860051,3484,88.65139949,600,14.69147894,3484,85.30852106,45.6081888,-94.5642478
2732820,Sartell-St. Stephen School District,4017.65,36147962,8997.29,62755,72.1571429,4074,49.56,50.44,0.34,2.36,0.05,2.04,2.16,90.77,2.28,13.16,82194,4991,388,5.307797538,6922,94.69220246,472,6.383554233,6922,93.61644577,45.64628,-94.247681
2709440,Rocori Public School District,2113.89,21712045,10271.13,56975,64.53,2135,48.24,51.76,0.23,0.33,0,10.87,1.03,86.32,1.22,25.81,70772,4309,620,10.71922545,5164,89.28077455,774,13.03469182,5164,86.96530818,45.4665725,-94.4613449
2705760,Blooming Prairie Public School District,760.07,7208294,9483.72,56088,63.7628571,759,48.48,51.52,0,0.13,0,8.17,0.4,88.93,2.37,28.19,64831,5735,295,15.52631579,1605,84.47368421,369,18.69300912,1605,81.30699088,43.8506216,-93.0575229
2728050,Owatonna Public School District,4943.21,52113289,10542.4,60358,53.9128571,5092,49.35,50.65,0.1,1.22,0.1,15.06,8.68,72.42,2.42,41.89,62342,2526,1346,10.20702207,11841,89.79297793,1722,12.69630613,11841,87.30369387,44.0443277,-93.2162179
2719320,Medford Public School District,885.73,7943135,8967.9,49957,52.7428571,891,51.29,48.71,0.11,1.01,0,16.39,0.79,78.56,3.14,34.23,73650,5265,119,9.786184211,1097,90.21381579,176,13.8256088,1097,86.1743912,44.1736173,-93.2634396
2713380,Hancock Public School District,359.77,3680472,10230.07,43060,67.2771429,369,46.88,53.12,0.27,0,0,9.76,0.54,87.8,1.63,28.73,60865,6104,41,8.039215686,469,91.96078431,78,14.25959781,469,85.74040219,45.4815319,-95.7983009
2708940,Chokio-Alberta Public School District,155.03,2233793,14408.78,47337,48.0225,155,46.45,53.55,0,0,0,1.29,0.65,98.06,0,34.19,56667,7998,67,12.57035647,466,87.42964353,96,17.08185053,466,82.91814947,45.5350514,-96.1276125
2717120,Kerkhoven-Murdock-Sunburg,732.42,6482598,8850.93,46995,53.4671429,729,49.25,50.75,0,0.27,0,10.84,1.1,86.28,1.51,37.72,54309,3729,173,13.53677621,1105,86.46322379,238,17.72151899,1105,82.27848101,45.2458922,-95.3379434
2704470,Benson Public School District,786.01,9265765,11788.36,58265,51.4814286,838,48.57,51.43,0.72,0.24,0.24,9.19,1.91,85.07,2.63,41.77,50174,6249,424,15.13745091,2377,84.86254909,507,17.57975035,2377,82.42024965,45.3055884,-95.6142136
2705430,Bertha-Hewitt Public School District,491.95,5212284,10595.15,50045,59.5742857,494,46.76,53.24,0.2,0.2,0,1.82,0.81,92.92,4.05,51.42,44181,4298,310,18.37581506,1377,81.62418494,354,20.45060659,1377,79.54939341,46.2454425,-95.0755683
2706300,Browerville Public School District,558.22,5562156,9964.09,50466,41.8114286,566,42.76,57.24,0,0.35,0,5.65,0.18,92.23,1.59,50.35,53404,2964,387,20.0622084,1542,79.9377916,478,23.66336634,1542,76.33663366,46.0997576,-94.8787597
2707110,Browns Valley Public School District,159.99,1977668,12361.2,46919,39.31,173,46.82,53.18,56.65,0.58,0,0.58,0.58,41.61,0,70.52,39667,10202,72,17.30769231,344,82.69230769,91,20.91954023,344,79.08045977,45.6513049,-96.7505553
2742330,Wheaton Area Public School District,365.13,4836906,13247.08,55648,64.5514286,392,47.19,52.81,0.77,0,0,10.46,0.26,82.64,5.87,33.42,46813,4707,157,12.80587276,1069,87.19412724,211,16.484375,1069,83.515625,45.8038629,-96.4578202
2741060,Wabasha-Kellogg Public School District,524.51,5959455,11361.95,51041,65.0828571,515,50.68,49.32,0.19,0.39,0.39,3.5,3.69,89.9,1.94,33.01,59754,4142,256,10.28938907,2232,89.71061093,326,12.74433151,2232,87.25566849,44.3128249,-92.0308892
2717520,Lake City Public School District,1236.6,11664174,9432.46,53622,56.1157143,1253,49.24,50.76,0.08,0.48,0.08,6.94,0.64,89.86,1.92,23.78,63472,3537,548,12.52571429,3827,87.47428571,614,13.82571493,3827,86.17428507,44.3928129,-92.3338849
2740920,Verndale Public School District,568.13,5119398,9010.96,47743,52.7028571,573,49.39,50.61,0.87,1.75,0,2.09,0.87,92.5,1.92,53.4,47981,5481,106,13.53767561,677,86.46232439,116,14.62799496,677,85.37200504,46.4361609,-94.9638283
2732970,Sebeka Public School District,500.1,5234401,10466.71,49787,61.1185714,496,51.01,48.99,0,0.2,0,0.6,0.2,93.96,5.04,44.56,51583,4554,210,15.26162791,1166,84.73837209,279,19.30795848,1166,80.69204152,46.6154599,-95.0206271
2720580,Menahga Public School District,1038.58,8821009,8493.34,50737,57.5242857,1039,52.07,47.93,0.1,0.29,0,1.35,0.1,95.37,2.79,46.97,49673,3482,230,13.93095094,1421,86.06904906,282,16.55901351,1421,83.44098649,46.7762045,-95.1015948
2741880,Waseca Public School District,1852.86,20317439,10965.45,52667,55.07,1945,48.59,51.41,0.46,0.98,0,12.39,3.8,79.39,2.98,35.32,51087,3005,586,10.84181314,4819,89.15818686,772,13.80790556,4819,86.19209444,44.0788088,-93.5189102
2712270,Forest Lake Public School District,6058.87,62582630,10329.09,60401,60.82,6148,47.74,52.26,0.5,3.59,0.05,3.55,2.42,85.79,4.1,21.83,85410,3039,1375,7.176034654,17786,92.82396535,1664,8.555269923,17786,91.44473008,45.2738655,-92.994513
2718750,Mahtomedi Public School District,3303.22,34246154,10367.51,71648,78.15,3342,49.28,50.72,0.09,2.99,0,4.13,4.04,83.45,5.3,8.59,106875,6073,675,10.8,5575,89.2,743,11.76005065,5575,88.23994935,45.0855899,-92.9479147
2700100,Fillmore Central,615.88,7468828,12127.08,47839,60.0357143,621,50.24,49.76,0,0,0,1.29,0,95.49,3.22,29.95,58255,3563,378,15.54915673,2053,84.45084327,495,19.42700157,2053,80.57299843,43.6030916,-92.1088086
2733810,South Washington County School District,18545.67,201538843,10867.16,65045,67.9471429,18966,48.33,51.67,0.29,10.73,0.04,8.16,7.68,66.8,6.3,18.1,97320,2392,1528,4.205658923,34804,95.79434108,2015,5.47271789,34804,94.52728211,44.8546881,-92.9284365
2738190,Stillwater Area Public School District,8433.24,94177645,11167.43,74714,68.0985714,8554,48.66,51.34,0.25,4.8,0.06,5.04,4.56,80.93,4.36,15.34,96699,3072,1340,5.365150545,23636,94.63484946,1716,6.76869675,23636,93.23130325,45.0376019,-92.8353427
2707320,Butterfield Public School District,205.52,2477941,12056.93,43950,30.1866667,208,49.04,50.96,0,3.85,0,57.21,0.48,37.5,0.96,65.38,53250,8863,64,13.70449679,403,86.29550321,97,19.4,403,80.6,43.9378261,-94.8072871
2718570,Madelia Public School District,594.62,6380684,10730.69,50573,53.2528571,614,48.7,51.3,0.49,0.16,0.16,44.3,2.12,51.96,0.81,52.28,53550,7948,237,14.61159063,1385,85.38840937,281,16.8667467,1385,83.1332533,44.0440065,-94.4142984
2733600,St. James Public School District,1030.52,10567249,10254.29,53349,57.11,1042,49.71,50.29,0.29,0.67,0,50.67,0.1,47.79,0.48,54.89,52333,4128,515,16.93521868,2526,83.06478132,776,23.50090854,2526,76.49909146,43.9836244,-94.6347259
2706150,Breckenridge Public School District,634.76,7320207,11532.24,53013,55.0542857,643,46.81,53.19,2.02,0.62,0,5.75,0.62,83.68,7.31,39.04,50814,7628,359,14.15057154,2178,85.84942846,483,18.15107103,2178,81.84892897,46.3623768,-96.5184185
2732460,Rothsay Public School District,291.52,3062816,10506.37,44260,59.3785714,304,46.71,53.29,0,0,0,4.28,2.3,92.76,0.66,40.13,60000,8587,77,14.23290203,464,85.76709797,96,17.14285714,464,82.85714286,46.4416465,-96.3541823
2707450,Campbell-Tintah Public School District,130.12,1912706,14699.55,44117,54.7375,144,47.22,52.78,0,0,0,6.94,0.69,86.81,5.56,51.39,60469,6479,36,13.58490566,229,86.41509434,48,17.32851986,229,82.67148014,46.0602873,-96.3761962
2718090,Lewiston-Altura Public School District,728.06,7214946,9909.82,55517,63.0528571,745,49.93,50.07,0,0.54,0,8.59,0.81,88.18,1.88,32.48,69122,4397,238,13.70967742,1498,86.29032258,298,16.59242762,1498,83.40757238,44.0024757,-91.8789758
2733450,St. Charles Public School District,991.46,9596211,9678.87,60584,64.9857143,996,48.19,51.81,0,1.41,0.2,13.65,0.5,80.83,3.41,29.32,72120,5382,234,10.01712329,2102,89.98287671,390,15.65008026,2102,84.34991974,43.9846019,-92.0396616
2744070,Winona Area Public School District,2778.21,36137814,13007.59,59991,48.8085714,2937,47.87,52.13,0.54,2.93,0.03,4.73,6.2,79.82,5.75,39.84,51023,2176,1687,9.774044032,15573,90.22595597,2170,12.23017528,15573,87.76982472,43.9892275,-91.6630395
2703150,Annandale Public School District,1953.52,18442424,9440.61,58699,66.6757143,1974,49.49,50.51,0.05,0.35,0.1,2.33,1.11,91.91,4.15,24.97,67378,4472,523,10.76574722,4335,89.23425278,717,14.19239905,4335,85.80760095,45.2695742,-94.1215621
2707200,Buffalo-Hanover-Montrose Public Schools,5801.21,59315590,10224.69,59740,65.1242857,5860,49.04,50.96,0.41,0.96,0.1,3.84,1.31,90.43,2.95,22.08,81657,2897,869,6.79065406,11928,93.20934594,1159,8.856116757,11928,91.14388324,45.1478809,-93.8166389
2710170,Delano Public School District,2480.59,25589951,10316.07,58521,79.0085714,2501,49.14,50.86,0.12,0.8,0,1.76,0.36,93.84,3.12,8.92,95985,10528,347,7.584699454,4228,92.41530055,361,7.866637612,4228,92.13336239,45.040383,-93.7693725
2718810,Maple Lake Public School District,841.82,8700047,10334.81,54901,58.9857143,850,48.59,51.41,0.12,0.24,0.47,1.65,0.47,95.52,1.53,19.88,72137,4630,193,9.373482273,1866,90.62651773,266,12.47654784,1866,87.52345216,45.2268294,-93.9950566
2721390,Monticello Public School District,4140.32,50637193,12230.26,63521,66.9028571,4125,47.93,52.07,0.39,0.97,0.02,8.07,1.87,85.09,3.59,23.59,73462,3968,572,6.959484122,7647,93.04051588,764,9.083343241,7647,90.91665676,45.3003336,-93.8474812
2732070,Rockford Public School District,1637.45,16417041,10025.98,51817,67.9671429,1634,47.98,52.02,0.31,1.65,0.06,9.67,3.18,81.58,3.55,23.81,86518,6575,159,4.349015317,3497,95.65098468,331,8.646812957,3497,91.35318704,45.1037223,-93.6742182
2733790,St. Michael-Albertville School District,6421.12,55487672,8641.43,63036,76.1828571,6463,47.86,52.14,0.11,1.87,0.02,3.34,3.7,86.81,4.15,11.96,101386,9970,443,5.325159274,7876,94.67484073,695,8.10873877,7876,91.89126123,45.2218137,-93.679032
2707470,Canby Public School District,567.36,5480820,9660.22,49350,66.8328571,579,50.43,49.57,0.17,0.35,0,2.76,1.04,93.61,2.07,29.71,54132,4107,324,18.44052362,1433,81.55947638,418,22.5823879,1433,77.4176121,44.7154673,-96.2609803
2707410,Cambridge-Isanti Public School District,4962.52,49839951,10043.27,57624,62.1257143,5040,48,52,0.5,1.61,0,3.1,1.11,89.04,4.64,30.02,73288,2357,1282,10.37552606,11074,89.62447394,1767,13.76061054,11074,86.23938946,45.5423445,-93.260583
2720670,Milaca Public School District,1756.12,18785271,10697.03,58809,58.3371429,1812,47.79,52.21,0.72,0.5,0,1.55,0.55,92.71,3.97,42.22,58833,2085,605,11.90241983,4478,88.09758017,843,15.84288668,4478,84.15711332,45.8154999,-93.6915235
2740810,Ulen-Hitterdal Public School District,304.11,3508939,11538.39,50946,53.7914286,303,47.19,52.81,6.6,1.65,0,2.31,0.99,79.87,8.58,31.02,63109,4353,136,16.93648817,667,83.06351183,174,20.68965517,667,79.31034483,47.0571296,-96.2474296
2791445,Lake Crystal-Wellcome Memorial,935.54,8825009,9433.06,46735,62.4985714,915,51.15,48.85,0.44,0.44,0,3.17,2.4,92.57,0.98,25.9,66947,3933,300,10.98498718,2431,89.01501282,392,13.88593695,2431,86.11406305,44.0846976,-94.1950556
2740665,Triton School District,1099.54,9955048,9053.83,52437,50.0985714,1075,48.37,51.63,0.28,0.28,0,19.26,0.56,77.11,2.51,34.42,63616,2849,333,11.15204287,2653,88.84795713,406,13.27231121,2653,86.72768879,44.0816379,-92.9166166
2700005,United South Central School District,702.56,8165950,11623.14,56002,60.7442857,737,50.07,49.93,0,0.27,0,14.52,0.81,80.47,3.93,46.54,52576,2799,447,15.45643154,2445,84.54356846,549,18.33667335,2445,81.66332665,43.6790272,-93.7140255
2700006,Maple River School District,899.91,9650272,10723.6,53160,66.9857143,904,48.12,51.88,0.22,0.44,0,4.42,0.55,91.94,2.43,30.75,62217,2425,313,11.55834564,2395,88.44165436,412,14.67759173,2395,85.32240827,43.9061261,-93.9885016
2700007,Kingsland Public School District,563.4,5282881,9376.79,52752,62.0528571,554,45.67,54.33,0,0.36,0.18,1.44,1.44,93.69,2.89,27.26,56705,4086,306,12.5,2142,87.5,457,17.58368603,2142,82.41631397,43.6950381,-92.3179725
2700008,St. Louis County School District,1983.31,26947153,13586.96,56891,54.9757143,2061,47.02,52.98,7.81,0.1,0.1,1.65,0.73,79.23,10.38,45.22,54809,1660,1441,15.1956132,8042,84.8043868,1795,18.24743316,8042,81.75256684,47.7887979,-92.52573
2700013,Waterville-Elysian-Morristown Public School District,777.49,9062443,11656.03,47497,67.18,791,49.05,50.95,0.76,0.51,0,6.19,2.65,87.36,2.53,35.02,63040,5863,366,11.88697629,2713,88.11302371,511,15.84987593,2713,84.15012407,44.245235,-93.5755875
2700017,Chisago Lakes School District,3432.12,36444116,10618.54,61946,65.55,3475,48.49,51.51,0.06,1.06,0,1.93,0.69,93.3,2.96,18.94,84455,4059,702,7.874369041,8213,92.12563096,888,9.757169542,8213,90.24283046,45.3905662,-92.8049451
2700019,Minnewaska School District,1247.56,15730276,12608.83,53712,61.4614286,1304,44.4,55.6,0.46,1.53,0,2.15,0.84,92.49,2.53,29.6,58327,3069,633,12.88680782,4279,87.11319218,874,16.9609936,4279,83.0390064,45.628635,-95.4454853
2700021,Eveleth-Gilbert School District,889.15,11253169,12656.1,55147,60.7171429,738,51.36,48.64,0.95,0.54,0,2.17,0.41,92.68,3.25,36.31,56021,3649,550,12.51991805,3843,87.48008195,695,15.31511679,3843,84.68488321,47.4675237,-92.4482227
2700022,Wadena-Deer Creek School District,1042.4,10328152,9908.05,50978,55.8785714,1040,52.6,47.4,0.19,1.06,0,3.65,2.21,89.62,3.27,52.31,45704,3429,757,18.70983688,3289,81.29016312,933,22.0985315,3289,77.9014685,46.434274,-95.1865091
2700023,Buffalo Lake-Hector-Stewart Public Schools,505.7,6146990,12155.41,49671,64.3071429,504,48.41,51.59,0.2,0.6,0,11.31,0,84.52,3.37,36.71,56983,5599,258,13.25796506,1688,86.74203494,372,18.05825243,1688,81.94174757,44.7532548,-94.6502099
2710260,Dilworth-Glyndon-Felton,1605.92,15210547,9471.55,56353,62.0057143,1642,49.33,50.67,1.64,0.12,0,7.31,1.83,86.91,2.19,27.95,66000,6438,345,13.27433628,2254,86.72566372,456,16.82656827,2254,83.17343173,46.9549953,-96.550747
2714070,Hinckley-Finlayson School District,962.1,10070689,10467.4,53827,40.7828571,976,49.39,50.61,14.65,1.02,0,3.89,1.84,73.48,5.12,55.64,45951,2661,610,17.98879387,2781,82.01120613,819,22.75,2781,77.25,46.0433365,-92.8958254
2700088,Lakeview School District,635.32,6536438,10288.42,52430,64.71,647,48.84,51.16,0.62,1.39,0,6.49,0.46,89.49,1.55,33.85,60331,7153,115,9.51986755,1093,90.48013245,180,14.13982718,1093,85.86017282,44.608687,-95.6348351
2700089,NRHEG School District,878.31,8367463,9526.78,49535,58.0628571,899,49.28,50.72,0.11,0.44,0.11,4.45,0.89,92.11,1.89,32.04,58902,3424,271,11.88075406,2010,88.11924594,350,14.83050847,2010,85.16949153,43.8850975,-93.4117599
2700090,Murray County Central School District,736.95,7907944,10730.64,50236,65.6242857,747,49.67,50.33,0.54,0.27,0,3.08,0.54,94.63,0.94,28.25,55152,3101,303,12.5,2121,87.5,440,17.18078875,2121,82.81921125,43.9869789,-95.8416774
2733900,Staples-Motley School District,1125.59,12249256,10882.52,50933,48.35,1104,43.93,56.07,1.54,1.09,0,3.89,0.63,88.23,4.62,51.45,44948,2880,783,15.65060963,4220,84.34939037,950,18.37524178,4220,81.62475822,46.377865,-94.7615283
2791447,Kittson Central School District,232.02,3526781,15200.33,53431,70.4471429,230,46.96,53.04,0,0,0,6.52,0,90,3.48,32.17,64241,5550,112,11.30171544,879,88.69828456,125,12.4501992,879,87.5498008,48.7510461,-96.9832754
2717100,Kenyon-Wanamingo School District,774.45,8775631,11331.44,52574,53.3314286,770,44.16,55.84,0.13,0,0,6.62,0.65,89.87,2.73,31.56,68889,2923,292,11.30906274,2290,88.69093726,410,15.18518519,2290,84.81481481,44.2935274,-92.916876
2728970,Pine River-Backus Public School District,904.8,8716103,9633.18,55275,55.38,944,49.58,50.42,0.95,0.32,0.21,1.17,1.06,94.81,1.48,46.82,47398,1667,487,12.81916294,3312,87.18083706,593,15.18565941,3312,84.81434059,46.7413014,-94.4551872
2700024,Warren-Alvarado-Oslo School District,479.1,5858244,12227.6,48114,53.8714286,526,50.57,49.43,0,0.19,0,14.64,0,81.56,3.61,43.54,62011,3908,232,12.88173237,1569,87.11826763,267,14.54248366,1569,85.45751634,48.1769101,-96.8124444
2700091,MACCRAY School District,730.42,8313846,11382.28,48617,52.9328571,729,51.44,48.56,0.27,0.27,0.55,12.89,0.82,83.28,1.92,41.7,62614,4911,246,11.98830409,1806,88.01169591,342,15.92178771,1806,84.07821229,45.0003459,-95.3616922
2718330,Luverne Public School District,1237.64,12521450,10117.2,47029,60.8528571,1270,47.95,52.05,0.55,1.18,0,6.38,0.79,87.16,3.94,30.63,58042,3888,324,10.08089608,2890,89.91910392,500,14.74926254,2890,85.25073746,43.6779079,-96.1823567
2700099,Yellow Medicine East,695.39,8244105,11855.37,55702,53.58,696,48.56,51.44,14.22,1.44,0,12.21,1.29,69.26,1.58,40.52,56944,5103,342,10.88478676,2800,89.11521324,456,14.004914,2800,85.995086,44.7392517,-95.6553503
2700101,Norman County East School District,261.37,3444826,13179.88,46385,52.9871429,258,43.8,56.2,1.94,0,0,6.59,0.39,80.61,10.47,47.29,57679,3915,196,18.63117871,856,81.36882129,286,25.04378284,856,74.95621716,47.3165421,-96.2256869
2700102,Sibley East School District,1148.65,10930383,9515.85,53131,50.6314286,1150,46.96,53.04,0,0.78,0,31.65,1.13,63.66,2.78,40.87,61742,2925,485,13.78232452,3034,86.21767548,694,18.61587983,3034,81.38412017,44.5680938,-94.1212062
2700103,Clearbrook-Gonvick School District,460.15,4750279,10323.33,47905,56.32,464,46.77,53.23,13.36,0.86,0,1.94,1.08,76.08,6.68,52.8,47566,2314,240,17.75147929,1112,82.24852071,296,21.02272727,1112,78.97727273,47.7535773,-95.4621883
2700104,West Central Area,785.5,9139582,11635.37,51224,69.4728571,786,49.87,50.13,0.25,0,0,3.56,1.15,92.11,2.93,35.24,57644,2249,274,11.16089613,2181,88.83910387,393,15.26806527,2181,84.73193473,45.8922198,-95.9716478
2791446,Tri-County School District,190.77,2637397,13825.01,51785,66.37,200,54,46,0,1.5,0,1.5,0.5,96.5,0,52.5,45667,2879,198,18.53932584,870,81.46067416,242,21.76258993,870,78.23741007,48.6133652,-96.5350604
2700105,Belgrade-Brooten-Elrosa Public School District,633.68,6728090,10617.49,53713,63.7742857,655,47.18,52.82,0.15,0.15,0,9.62,0.15,89.01,0.92,32.98,54767,3813,311,15.44957774,1702,84.55042226,424,19.94355597,1702,80.05644403,45.4636,-95.0949723
2712580,G.F.W. Public School District,713.67,8777787,12299.5,50468,61.41,704,51.14,48.86,0.14,0.43,0,17.47,0.57,79.4,1.99,45.74,56806,2802,418,14.57970003,2449,85.42029997,623,20.27994792,2449,79.72005208,44.5410367,-94.5217168
2700106,A.C.G.C. Public School District,826.81,8795990,10638.47,56812,56.5114286,817,47.86,52.14,0.61,0.12,0,7.71,0.37,89.48,1.71,44.06,58309,2850,305,11.45755071,2357,88.54244929,508,17.73123909,2357,82.26876091,45.0735832,-94.7472047
2718070,Le Sueur-Henderson School District,1023.77,9878508,9649.15,50645,52.9657143,1026,49.9,50.1,0,0.19,0,17.45,2.44,75.63,4.29,32.94,64745,3211,383,11.56400966,2929,88.43599034,604,17.09595245,2929,82.90404755,44.4791898,-93.9252557
2718960,Martin County West School District,723.32,7859210,10865.47,54846,57.5257143,726,48.35,51.65,0.41,0.14,0,4.82,0.83,90.63,3.17,41.32,55662,3528,265,12.78340569,1808,87.21659431,352,16.2962963,1808,83.7037037,43.6844103,-94.713271
2791448,Norman County West School District,180.42,2898437,16064.94,49905,88.46,83,50.6,49.4,0,0,0,21.69,0,75.9,2.41,45.78,49868,5934,171,20.04689332,682,79.95310668,230,25.21929825,682,74.78070175,47.320977,-96.7645873
2705660,Bird Island-Olivia-Lake Lillian Public School District,663.87,7736854,11654.17,46275,58.1585714,684,46.49,53.51,0.44,0.58,0,12.57,0.58,83.64,2.19,45.18,61172,4215,312,12.95681063,2096,87.04318937,567,21.29177619,2096,78.70822381,44.7806015,-94.9254407
2713040,Granada-Huntley-East Chain,313.15,3726441,11899.86,46434,47.1428571,309,48.54,51.46,0,0.65,0,2.59,0,94.49,2.27,48.87,68214,4530,85,10.6918239,710,89.3081761,145,16.95906433,710,83.04093567,43.6369519,-94.3165151
2711085,East Central School District,739.97,7746194,10468.25,52288,51.1885714,770,47.79,52.21,7.01,0,0,2.47,1.69,85.32,3.51,55.32,42910,2591,431,16.85569026,2126,83.14430974,604,22.12454212,2126,77.87545788,46.2146579,-92.5934769
2791449,Win-E-Mac School District,475.29,5159404,10855.28,54754,66.1842857,487,46.82,53.18,2.46,0.21,0,2.46,0.62,94.25,0,44.35,49750,3731,273,16.76904177,1355,83.23095823,306,18.42263697,1355,81.57736303,47.6679681,-95.9930738
2700107,Greenbush-Middle River School District,284.1,4458991,15695.15,58393,59.4642857,283,46.64,53.36,0,0.35,0,0,3.18,95.41,1.06,26.15,53447,2665,189,14.90536278,1079,85.09463722,194,15.23959152,1079,84.76040848,48.6405555,-96.1599528
2700123,Howard Lake-Waverly-Winsted,1255.38,12322797,9815.99,52743,60.3914286,1252,49.2,50.8,0.72,0.24,0,3.83,1.2,90.97,3.04,25.48,65680,3789,439,11.1082996,3513,88.8917004,611,14.8157129,3513,85.1842871,45.0423581,-94.0396813
2700108,Pipestone Area School District,1150.65,12085558,10503.24,51796,55.4757143,1146,47.03,52.97,0.87,0.87,0,15.45,1.83,75.48,5.5,50.52,50663,5363,555,14.85148515,3182,85.14851485,649,16.94074654,3182,83.05925346,43.9778346,-96.3110668
2791450,Mesabi East School District,952.83,10784509,11318.4,58412,55.4257143,1000,48.8,51.2,1.4,0.2,0,0.7,0.9,91.5,5.3,38.7,53538,2901,596,15.23906929,3315,84.76093071,716,17.76234185,3315,82.23765815,47.4226819,-92.1921374
2700124,Fairmont Area School District,1719.05,17712923,10303.9,56229,58.14,1727,51.13,48.87,0.58,0.93,0.06,13.61,1.22,80.13,3.47,45.69,50553,6046,912,14.23665314,5494,85.76334686,1072,16.32653061,5494,83.67346939,43.5982023,-94.5435189
2700109,Long Prairie-Grey Eagle School District,955.64,8893097,9305.91,52155,38.3971429,932,50.54,49.46,0.54,0.86,1.61,45.92,0,49.35,1.72,61.27,49617,5083,658,16.65401164,3293,83.34598836,903,21.52049571,3293,78.47950429,45.9300277,-94.8429574
2700110,Cedar Mountain School District,474.08,5382521,11353.61,47129,57.3057143,485,41.86,58.14,12.99,0,0,5.15,0.41,74.85,6.6,51.96,54512,4075,162,14.59459459,948,85.40540541,237,20,948,80,44.4705864,-94.8958927
2700383,Morris Area Public Schools,1041.88,10437152,10017.61,55627,60.9228571,1045,47.18,52.82,1.82,1.15,0,12.25,1.34,79.9,3.54,26.32,57593,5862,415,12.07448356,3022,87.92551644,492,14.0011383,3022,85.9988617,45.6236312,-95.8931006
2745735,Zumbrota-Mazeppa School District,1204.73,12434013,10321,59326,66.0257143,1204,47.92,52.08,0.5,0.91,0,3.07,0.75,92.69,2.08,21.51,71689,6337,327,10.08014797,2917,89.91985203,399,12.03256936,2917,87.96743064,44.289631,-92.5862494
2791451,Janesville-Waldorf-Pemberton,678.53,7661013,11290.6,47556,53.7428571,705,50.5,49.5,0.71,0.71,0,2.13,0.99,93.05,2.41,29.36,73880,3078,252,11.52263374,1935,88.47736626,336,14.79524439,1935,85.20475561,44.028136,-93.7224228
2700125,Lac qui Parle Valley School District,795.69,9193999,11554.75,56793,52.4842857,804,47.76,52.24,0.12,0,12.56,7.34,0.62,75.5,3.86,45.52,47912,2130,586,16.53965566,2957,83.46034434,684,18.78604779,2957,81.21395221,45.1318276,-96.073222
2700126,Ada-Borup Public School District,570.29,7613070,13349.47,53078,59.5242857,709,48.38,51.62,1.27,0.28,0,11.42,0.42,79.13,7.48,48.38,56406,3733,173,13.99676375,1063,86.00323625,247,18.85496183,1063,81.14503817,47.291103,-96.5239017
2700127,Stephen-Argyle Central Schools,293.09,4152162,14166.85,48302,62.0628571,300,49.67,50.33,0,0.33,0,8.67,0.33,87.67,3,35.33,66774,5648,144,15.31914894,796,84.68085106,154,16.21052632,796,83.78947368,48.4181348,-96.8642414
2700128,Glencoe-Silver Lake School District,1598.73,16117925,10081.71,56767,60.0785714,1626,49.2,50.8,0.49,0.31,0,19.68,0.18,77.06,2.28,32.96,61796,3962,710,12.32424926,5051,87.67575074,928,15.52099013,5051,84.47900987,44.7771861,-94.1989307
2700130,Blue Earth Area Public Schools,1047.27,11378637,10865.05,57395,54.3414286,1035,46.96,53.04,0.19,0.58,0,14.98,1.45,82.03,0.77,42.22,51337,2140,633,15.30834341,3502,84.69165659,792,18.44434094,3502,81.55565906,43.6634707,-94.0614148
2700132,Red Rock Central School District,431.4,4532341,10506.12,47601,69.0242857,458,46.29,53.71,0,0.22,0,4.15,0.66,92.57,2.4,42.58,55145,2841,258,15.77981651,1377,84.22018349,379,21.58314351,1377,78.41685649,44.144476,-95.230634
2700148,Glenville-Emmons School District,293.7,3556770,12110.21,44112,46.8757143,242,49.59,50.41,0,0,0,5.37,0.83,92.97,0.83,37.19,54347,2501,152,12.42845462,1071,87.57154538,242,18.43107388,1071,81.56892612,43.5464193,-93.2988039
2700150,Clinton-Graceville-Beardsley,318.43,4013038,12602.58,41976,76.6585714,322,54.04,45.96,0.62,0,0,1.55,0.93,96.28,0.62,38.51,53529,4503,235,18.87550201,1010,81.12449799,284,21.94744977,1010,78.05255023,45.5331969,-96.4835852
2700162,Lake Park Audubon School District,731.67,6608086,9031.51,43094,60.8028571,716,47.77,52.23,3.35,0.84,0,1.82,0.14,88.26,5.59,32.26,66680,3021,220,9.515570934,2092,90.48442907,340,13.98026316,2092,86.01973684,46.8693853,-96.0612805
2700163,Renville County West School District,568.38,6651406,11702.39,53629,54.88,588,51.7,48.3,0,0.85,0,33.84,0.34,63.61,1.36,45.24,58721,3644,273,13.82278481,1702,86.17721519,462,21.34935305,1702,78.65064695,44.7907181,-95.2186117
2700231,Jackson County Central School District,1186.54,11970790,10088.82,60319,54.3171429,1180,47.12,52.88,0,2.12,0.08,5,1.95,86.7,4.15,38.14,55702,3991,501,13.14270724,3311,86.85729276,586,15.03720811,3311,84.96279189,43.6221225,-95.0818993
2700182,Redwood Area School District,1130.54,12237498,10824.47,48439,57.7514286,1137,46.88,53.12,25.42,0.79,0,5.63,0.97,64.02,3.17,46.44,51385,2624,480,12.76595745,3280,87.23404255,757,18.75154818,3280,81.24845182,44.5631644,-95.1370458
2700183,Westbrook-Walnut Grove Schools,362.63,4998047,13782.77,51941,54.8528571,364,48.63,51.37,0,24.45,0,1.92,0.82,72.54,0.27,54.12,54236,4673,224,15.7635468,1197,84.2364532,297,19.87951807,1197,80.12048193,44.1304554,-95.4523926
2700287,Plainview-Elgin-Millville,1481.68,12679635,8557.61,52892,67.1542857,1512,48.88,51.12,0.26,0.33,0.07,9.52,0.46,87.97,1.39,25.73,72169,3217,381,11.07236269,3060,88.92763731,520,14.52513966,3060,85.47486034,44.1847281,-92.1941707
2700294,RTR Public Schools,585.41,7006903,11969.22,44257,60.6914286,589,47.88,52.12,0,0.17,0,3.06,0.68,93.88,2.21,29.88,59226,5818,232,13.83422779,1445,86.16577221,337,18.91133558,1445,81.08866442,44.251535,-96.0693417
2700328,Ortonville Public Schools,511.04,6046109,11830.99,51094,58.1571429,523,47.23,52.77,0.38,0.38,0,5.35,0.38,90.45,3.06,41.49,51321,3400,288,15.40106952,1582,84.59893048,341,17.73270931,1582,82.26729069,45.2577515,-96.3329085
2700326,Tracy Area Public School District,708,7076085,9994.47,50919,65.6485714,732,48.63,51.37,0.27,14.75,0,5.33,1.23,77.46,0.96,49.32,55949,3636,305,12.2,2195,87.8,417,15.96477795,2195,84.03522205,44.2033246,-95.73433
2700379,Tri-City United School District,1859.45,18197086,9786.27,49987,57.2214286,1899,45.66,54.34,0.37,0.21,0.05,18.11,0.42,78.21,2.63,37.39,66409,3464,564,10.58359917,4765,89.41640083,759,13.74004345,4765,86.25995655,44.4063973,-93.615515
2700385,Red Lake County Central Public Schools,388.89,4665530,11997.04,46992,57.5557143,400,47.5,52.5,2,0,0,4.75,0.75,89.75,2.75,45.75,57159,5152,135,14.13612565,820,85.86387435,158,16.15541922,820,83.84458078,47.8991209,-95.8699638
2700388,Round Lake-Brewster Public Schools,386.85,2552386,6597.87,44687,48.98,342,53.51,46.49,0.29,1.75,0,67.54,1.75,26.04,2.63,72.22,60556,7108,104,12.77641278,710,87.22358722,136,16.07565012,710,83.92434988,43.6340199,-95.4732115
2700382,Brandon-Evansville Public Schools,480.76,4726135,9830.55,51657,62.2442857,485,47.84,52.16,0,0,0,1.65,0.21,95.67,2.47,31.34,63897,6400,150,9.511731135,1427,90.48826886,241,14.44844125,1427,85.55155875,45.9963965,-95.6617685
